name,address,price,source_url_file 2/9/25
E-Z Gas,"6000 Orangethorpe Ave, Buena Park, CA",$3.79,
7-Eleven,"8495 Western Ave, Buena Park, CA",$4.04,
76,"7760 Crescent Ave, Buena Park, CA",$4.34,
Chevron,"7990 Valley View St, Buena Park, CA",$4.59,
Mobil,"8510 Knott Ave, Buena Park, CA",$4.59,
76,"6971 Orangethorpe Ave, Buena Park, CA",N/A,
ARCO,"7990 S Knott Ave, Buena Park, CA",N/A,
Speedway Express,"7510 Orangethorpe Ave, Buena Park, CA",$3.99,
Valero,"5231 Beach Blvd, Buena Park, CA",$4.24,
76,"5262 Beach Blvd, Buena Park, CA",$4.39,
Chevron,"6392 Beach Blvd, Buena Park, CA",$4.49,
Chevron,"7250 Artesia Blvd, Buena Park, CA",$4.59,
Chevron,"6971 Beach Blvd, Buena Park, CA",$4.69,
Chevron,"5241 Beach Blvd, Buena Park, CA",$4.79,
Lucky Food and Fuel Inc,"5989 Beach Blvd, Buena Park, CA",N/A,
Mobil,"8991 Orangethorpe Ave, Buena Park, CA",N/A,
Chevron,"8181 Sunland Blvd, Sun Valley, CA",N/A,
Mobil,"8360 Sunland Blvd, Sun Valley, CA",$4.79,
SC Fuels,"8620 San Fernando Rd, Sun Valley, CA",N/A,
Sunland Gas,"8501 Sunland Blvd, Sun Valley, CA",N/A,
Shell,"10908 Roscoe Blvd, Sun Valley, CA",$4.69,
ARCO,"8345 Glenoaks Blvd, Sun Valley, CA",$4.25,
76,"8850 Glenoaks Blvd, Sun Valley, CA",$4.57,
Sun Valley Petro,"9089 Glenoaks Blvd, Sun Valley, CA",N/A,
Chevron,"9055 Sunland Blvd, Sun Valley, CA",N/A,
ARCO,"8004 Lankershim Blvd, North Hollywood, CA",$4.25,
Thrifty,"9090 Glenoaks Blvd, Sun Valley, CA",$4.49,
Super Fine,"8730 Lankershim Blvd, Sun Valley, CA",N/A,
Ralphs,"11870 W Roscoe Blvd, Sun Valley, CA",$4.29,
ARCO,"12050 Roscoe Blvd, North Hollywood, CA",$4.35,
Chevron,"7955 Laurel Canyon Blvd, North Hollywood, CA",$4.57,
ARCO,"6804 Vineland Ave, North Hollywood, CA",$3.99,
Shell,"6761 Vineland Ave, North Hollywood, CA",$4.69,
Sinclair,"10740 Vanowen St, North Hollywood, CA",$4.08,
Mobil,"12450 Roscoe Blvd, Sun Valley, CA",$4.59,
USA Gasoline,"6800 Lankershim Blvd, North Hollywood, CA",N/A,
ARCO,"5472 Orangethorpe Ave, La Palma, CA",$3.79,
SMP,"8471 Walker St, La Palma, CA",$4.09,
VP Racing Fuels,"5482 La Palma Ave, La Palma, CA",$4.15,
76,"5502 Orangethorpe Ave, La Palma, CA",$4.29,
ARCO,"22375 Sherman Way, Canoga Park, CA",$4.19,
Gulf,"7601 Topanga Canyon Blvd, Canoga Park, CA",N/A,
Sinclair,"22801 Vanowen St, West Hills, CA",N/A,
Chevron,"22756 Vanowen St, West Hills, CA",$4.59,
Chevron,"8301 Canoga Ave, Canoga Park, CA",$4.59,
ARCO,"9110 Topanga Canyon Blvd, Chatsworth, CA",$3.99,
G&M,"21403 Saticoy St, Canoga Park, CA",$4.09,
Shell,"22001 Vanowen St, Canoga Park, CA",$4.19,
Shell,"23650 Victory Blvd, Woodland Hills, CA",$4.19,
76,"23706 Victory Blvd, Woodland Hills, CA",N/A,
Shell,"21404 Sherman Way, Canoga Park, CA",N/A,
Mobil,"6350 Fallbrook Ave, Woodland Hills, CA",N/A,
Sinclair,"21403 Sherman Way, Canoga Park, CA",$3.99,
Gas Depot,"6760 Topanga Canyon Blvd, Canoga Park, CA",$4.09,
Speedway,"6310 Fallbrook Ave, Woodland Hills, CA",N/A,
Sam's Fuel,"8308 De Soto Ave, Canoga Park, CA",$4.09,
Mobil,"6423 Topanga Canyon Blvd, Woodland Hills, CA",N/A,
Chevron,"21930 Lassen St, Chatsworth, CA",$4.49,
Chevron,"24336 Victory Blvd, Woodland Hills, CA",N/A,
Mobil,"9906 Topanga Canyon Blvd, Chatsworth, CA",$4.49,
Chevron,"9500 Valley View St, Cypress, CA",$3.63,
ARCO,"9511 Valley View St, Cypress, CA",$3.89,
ARCO,"5012 Lincoln Ave, Cypress, CA",$3.99,
Cypress Union Gas,"4002 Ball Rd, Cypress, CA",$3.79,
Ralphs,"4001 Ball Rd, Cypress, CA",$3.99,
Mobil,"6011 Ball Rd, Cypress, CA",$4.29,
Shell,"9472 Valley View St, Cypress, CA",$4.26,
76,"4992 Lincoln Ave, Cypress, CA",$4.53,
Mobil,"5972 Lincoln Ave, Cypress, CA",$4.59,
Chevron,"5999 Cerritos Ave, Cypress, CA",$4.59,
ARCO,"4988 Ball Rd, Cypress, CA",N/A,
Berri Brothers,"619 E La Habra Blvd, La Habra, CA",$3.85,
ARCO,"1401 E Lambert Rd, La Habra, CA",$3.89,
Costco,"101 N Beach Blvd, La Habra, CA",$3.95,
Sam's Club,"1390 S Beach Blvd, La Habra, CA",$3.95,
G&M,"1950 W La Habra Blvd, La Habra, CA",$4.09,
Chevron,"1150 W La Habra Blvd, La Habra, CA",$4.69,
Shell,"101 E Imperial Hwy, La Habra, CA",$4.54,
76,"601 W Imperial Hwy, La Habra, CA",$4.55,
Mobil,"3950 N Harbor Blvd, Fullerton, CA",$4.59,
Chevron,"101 E Lambert Rd, La Habra, CA",$4.69,
Chevron,"110 S Harbor Blvd, La Habra, CA",$4.69,
Chevron,"1950 W Imperial Hwy, La Habra, CA",$4.79,
ARCO,"501 W Whittier Blvd, La Habra, CA",N/A,
Speedway,"1990 W Whittier Blvd, La Habra, CA",N/A,
76,"101 S Harbor Blvd, La Habra, CA",N/A,
Speedway,"101 E Whittier Blvd, La Habra, CA",N/A,
Shell,"21404 Sherman Way, Canoga Park, CA",N/A,
Gas Depot,"6760 Topanga Canyon Blvd, Canoga Park, CA",$4.09,
ARCO,"20951 Vanowen St, Canoga Park, CA",N/A,
Shell,"22001 Vanowen St, Canoga Park, CA",$4.19,
G&M,"21403 Saticoy St, Canoga Park, CA",$4.09,
ARCO,"22375 Sherman Way, Canoga Park, CA",$4.19,
Sinclair,"21403 Sherman Way, Canoga Park, CA",$3.99,
Costco,"21800 Victory Blvd, Woodland Hills, CA",$4.09,
76,"20901 Vanowen St, Canoga Park, CA",$4.45,
Mobil,"20910 Vanowen St, Canoga Park, CA",$4.54,
Mobil,"6423 Topanga Canyon Blvd, Woodland Hills, CA",N/A,
Gulf,"7601 Topanga Canyon Blvd, Canoga Park, CA",N/A,
Chevron,"6061 Toganga Canyon Blvd, Woodland Hills, CA",N/A,
Thrifty,"6000 N Canoga Ave, Woodland Hills, CA",N/A,
Chevron,"5960 Canoga Ave, Woodland Hills, CA",$4.69,
Chevron,"22756 Vanowen St, West Hills, CA",$4.59,
ARCO,"20250 Sherman Way, Winnetka, CA",N/A,
Sinclair,"22801 Vanowen St, West Hills, CA",N/A,
Chevron,"8301 Canoga Ave, Canoga Park, CA",$4.59,
Mobil,"6350 Fallbrook Ave, Woodland Hills, CA",N/A,
Chevron,"19650 Sherman Way, Reseda, CA",$4.39,
Speedway Express,"20055 Vanowen St, Winnetka, CA",N/A,
ARCO,"20250 Sherman Way, Winnetka, CA",N/A,
Sinclair,"20105 Vanowen St, Winnetka, CA",N/A,
76,"20901 Vanowen St, Canoga Park, CA",$4.45,
76,"19271 Sherman Way, Reseda, CA",$4.39,
Mobil,"20910 Vanowen St, Canoga Park, CA",$4.54,
ARCO,"20951 Vanowen St, Canoga Park, CA",N/A,
ARCO,"19304 Saticoy St, Reseda, CA",N/A,
Mobil,"19248 Victory Blvd, Tarzana, CA",$4.99,
ARCO,"8255 Winnetka Ave, Winnetka, CA",$4.19,
Shell,"21404 Sherman Way, Canoga Park, CA",N/A,
Sinclair,"21403 Sherman Way, Canoga Park, CA",$3.99,
Chevron,"20101 Roscoe Blvd, Winnetka, CA",$4.89,
G&M,"21403 Saticoy St, Canoga Park, CA",$4.09,
Sam's Fuel,"8308 De Soto Ave, Canoga Park, CA",$4.09,
76,"20021 Ventura Blvd, Woodland Hills, CA",N/A,
United Oil,"19706 Ventura Blvd, Woodland Hills, CA",$4.09,
Costco,"21800 Victory Blvd, Woodland Hills, CA",$4.09,
Gas Depot,"6760 Topanga Canyon Blvd, Canoga Park, CA",$4.09,
G&M,"8472 Katella Ave, Stanton, CA",$3.99,
ARCO,"11460 Beach Blvd, Stanton, CA",$3.89,
G&M,"7501 Katella Ave, Stanton, CA",$3.99,
G&M,"7470 W Cerritos Ave, Stanton, CA",$3.99,
Shell,"11500 Beach Blvd, Stanton, CA",$4.05,
Chevron,"10961 Beach Blvd, Stanton, CA",$4.59,
United Petroleum,"8505 Katella Ave, Stanton, CA",N/A,
Costco,"5401 Katella Ave, Cypress, CA",$3.85,
ARCO,"11171 Los Alamitos Blvd, Los Alamitos, CA",$4.19,
Mobil,"3971 Cerritos Ave, Los Alamitos, CA",$4.59,
Shell,"10961 Los Alamitos Blvd, Los Alamitos, CA",$4.65,
Chevron,"5100 Katella Ave, Los Alamitos, CA",$4.53,
USA Gasoline,"10601 Magnolia Blvd, North Hollywood, CA",$4.29,
HWB Carwash,"3600 W Burbank Blvd, Burbank, CA",$4.15,
ARCO,"3701 W Magnolia Blvd, Burbank, CA",$4.29,
Chevron,"800 N Hollywood Way, Burbank, CA",$4.69,
Sinclair,"1401 N Hollywood Way, Burbank, CA",$4.29,
Shell,"5957 Vineland Ave, North Hollywood, CA",N/A,
Shell,"550 N Hollywood Way, Burbank, CA",$4.79,
Shell,"11407 Burbank Blvd, North Hollywood, CA",$4.59,
ARCO,"4506 Lankershim Blvd, North Hollywood, CA",$4.59,
Mobil,"10570 Riverside Dr, North Hollywood, CA",$4.99,
Burbank Fuel,"1951 N Hollywood Way, Burbank, CA",$3.99,
Chevron,"11000 Victory Blvd, North Hollywood, CA",N/A,
76,"10984 Riverside Dr, North Hollywood, CA",N/A,
Mobil,"4377 Vineland Ave, North Hollywood, CA",N/A,
Shell,"2500 W Magnolia Blvd, Burbank, CA",$4.69,
Chevron,"10960 Moorpark St, North Hollywood, CA",$4.39,
76,"200 N Hollywood Way, Burbank, CA",$4.89,
Sinclair,"3701 W Riverside Dr, Burbank, CA",$4.39,
Mobil,"11680 Burbank Blvd, North Hollywood, CA",$4.59,
Shell,"4388 Tujunga Ave, Studio City, CA",N/A,
76,"13980 Seal Beach Blvd, Seal Beach, CA",$3.89,
G&M,"1300 Pacific Coast Hwy, Seal Beach, CA",$3.89,
Chevron,"2950 Westminster Ave, Seal Beach, CA",$4.69,
Chevron,"4000 Lampson Ave, Seal Beach, CA",$4.79,
Mobil,"12240 Seal Beach Blvd, Seal Beach, CA",$4.97,
76,"12071 Seal Beach Blvd, Seal Beach, CA",N/A,
Berri Brothers,"16621 Pacific Coast Hwy, Sunset Beach, CA",$3.77,
Chevron,"3801 Portola Pkwy, Irvine, CA",$4.89,
Chevron,"3921 Irvine Blvd, Irvine, CA",$4.89,
ARCO,"6501 Quail Hill Pkwy, Irvine, CA",N/A,
Chevron,"14446 Culver Dr, Irvine, CA",$4.59,
Chevron,"5425 Alton Pkwy, Irvine, CA",$4.89,
Shell,"4550 Lake Rd, Irvine, CA",$4.89,
Chevron,"15425 Culver Dr, Irvine, CA",$4.89,
Chevron,"6972 Warner Ave, Huntington Beach, CA",$4.69,
76,"16971 Goldenwest St, Huntington Beach, CA",$4.04,
ARCO,"17502 Goldenwest St, Huntington Beach, CA",$3.75,
ARCO,"16501 Goldenwest St, Huntington Beach, CA",$3.89,
ARCO,"5981 Warner Ave, Huntington Beach, CA",$3.79,
Mobil,"5972 Warner Ave, Huntington Beach, CA",N/A,
G&M,"15971 Goldenwest St, Huntington Beach, CA",$3.99,
Shell,"6502 Edinger Ave, Huntington Beach, CA",$4.69,
G&M,"16990 Beach Blvd, Huntington Beach, CA",$3.99,
Chevron,"17472 Beach Blvd, Huntington Beach, CA",$4.69,
7-Eleven,"16171 Beach Blvd, Huntington Beach, CA",$3.99,
Costco,"7562 Center Ave, Huntington Beach, CA",$3.79,
Mobil,"16001 Beach Blvd, Huntington Beach, CA",$4.39,
ARCO,"8520 Warner Ave, Fountain Valley, CA",$4.09,
Speedway Express,"15501 Edwards St, Huntington Beach, CA",N/A,
Chevron,"18501 Beach Blvd, Huntington Beach, CA",$4.69,
Chevron,"15501 Beach Blvd, Westminster, CA",$4.69,
76,"18742 Main St, Huntington Beach, CA",$4.29,
Mobil,"15001 Goldenwest St, Huntington Beach, CA",$4.79,
Chevron,"8980 Warner Ave, Fountain Valley, CA",$4.69,
Costco,"2701 Park Ave, Tustin, CA",$3.99,
Mobil,"14493 Culver Dr, Irvine, CA",$4.53,
Shell,"3720 Barranca Pkwy, Irvine, CA",$4.69,
Mobil,"3765 Alton Pkwy, Irvine, CA",$4.79,
Chevron,"80 Corporate Park, Irvine, CA",$4.89,
Chevron,"30072 Crown Valley Pkwy, Laguna Niguel, CA",$4.55,
Shell,"30011 Crown Valley Pkwy, Laguna Niguel, CA",$4.39,
ARCO,"30081 Crown Valley Pkwy, Laguna Niguel, CA",$4.09,
Mobil,"30061 Alicia Pkwy, Laguna Niguel, CA",$4.59,
Shell,"28922 Golden Lantern St, Laguna Niguel, CA",N/A,
Shell,"27882 Aliso Creek Rd, Aliso Viejo, CA",$4.59,
7-Eleven,"31702 Pacific Coast Hwy, Laguna Beach, CA",$4.39,
ARCO,"27491 La Paz Rd, Laguna Niguel, CA",N/A,
Mobil,"27430 Alicia Pkwy, Laguna Niguel, CA",$4.39,
76,"32611 Niguel Rd, Dana Point, CA",N/A,
Chevron,"28692 Camino Capistrano, San Juan Capistrano, CA",N/A,
ARCO,"28662 Camino Capistrano, Laguna Niguel, CA",$4.69,
Costco,"27220 Heather Ridge Rd, Laguna Niguel, CA",$4.24,
Chevron,"26571 Junipero Serra Rd, San Juan Capistrano, CA",$4.99,
76,"26572 Junipero Serra Rd, San Juan Capistrano, CA",N/A,
Costco,"27972 Cabot Rd, Laguna Niguel, CA",$4.19,
Shell,"27055 Aliso Creek Rd, Aliso Viejo, CA",$4.49,
Sinclair,"24281 Pacific Park Dr, Aliso Viejo, CA",N/A,
Chevron,"32842 Pacific Coast Hwy, Dana Point, CA",$4.39,
Mobil,"26996 La Paz Rd, Aliso Viejo, CA",$5.09,
Marathon,"308 W Plane St, Bethel, OH",$2.79,
Speedway,"595 W Plane St, Bethel, OH",$2.99,
Wichard Oil,"518 West Plane St, Bethel, OH",N/A,
Sunoco,"622 West Plane St, Bethel, OH",$2.79,
Hudson Oil,"2598 OH-222, New Richmond, OH",N/A,
Sunoco,"2277 Ohio Pike, Amelia, OH",$2.71,
Marathon,"2203 OH-125, Amelia, OH",$2.75,
McKinney Mart,"205 W Main St, Hamersville, OH",$2.69,
Marathon,"418 E Main St, Williamsburg, OH",$2.79,
BP,"609 W MAIN ST, Williamsburg, OH",$2.79,
Boars Head Bait & Carry Out,"2818 Old OH-32, Williamsburg, OH",$2.59,
Marathon,"2328 OH-125, Hamersville, OH",N/A,
Sunoco,"4118 Curliss Ln, Batavia, OH",N/A,
Shell,"2098 James E Sauls Sr Dr, Batavia, OH",$2.89,
Marathon,"1717 OH-749, Amelia, OH",$2.99,
Murphy USA,"1815 State Route 125, Amelia, OH",$2.73,
Quick Stop,"8725 OH-505, Feesburg, OH",N/A,
Casey's,"1779 State Route 125, Amelia, OH",$2.99,
United Dairy Farmers,"1788 E Ohio Pike, Amelia, OH",$2.76,
Sunoco,"15130 Eastwood Rd, Williamsburg, OH",$2.99,
7-Eleven,"26731 Portola Pkwy, Foothill Ranch, CA",$4.29,
Mobil,"27252 Portola Pkwy, Foothill Ranch, CA",$4.55,
Chevron,"19232 Alton Pkwy, Foothill Ranch, CA",$4.69,
Speedway,"5333 University Dr, Irvine, CA",$4.59,
Culver Auto Spa,"18011 Culver Dr, Irvine, CA",$4.79,
Chevron,"18002 Culver Dr, Irvine, CA",$4.89,
Shell,"4601 Campus Dr, Irvine, CA",N/A,
Chevron,"18692 MacArthur Blvd, Irvine, CA",N/A,
Mobil,"17551 MacArthur Blvd, Irvine, CA",$4.59,
Shell,"3090 Main St, Irvine, CA",$4.69,
Chevron,"17561 MacArthur Blvd, Irvine, CA",$4.89,
Shell,"32001 Camino Capistrano, San Juan Capistrano, CA",$4.87,
Chevron,"27101 Ortega Hwy, San Juan Capistrano, CA",$4.79,
76,"26572 Junipero Serra Rd, San Juan Capistrano, CA",N/A,
Chevron,"26571 Junipero Serra Rd, San Juan Capistrano, CA",$4.99,
Conserv Fuel,"30801 Gateway Pl, San Juan Capistrano, CA",$4.55,
Costco,"33961 Doheny Park Rd, San Juan Capistrano, CA",$4.35,
Mobil,"33571 Del Obispo St, Dana Point, CA",$4.65,
Valero,"34131 Doheny Park Rd, Capistrano Beach, CA",$4.73,
Doheny Village Car Wash,"34241 Doheny Park Rd, Capistrano Beach, CA",N/A,
76,"606 Camino De Los Mares, San Clemente, CA",$4.79,
Chevron,"28692 Camino Capistrano, San Juan Capistrano, CA",N/A,
Shell,"590 Camino de Estrella, San Clemente, CA",$4.81,
ARCO,"28662 Camino Capistrano, Laguna Niguel, CA",$4.69,
ARCO,"34342 Pacific Coast Hwy, Dana Point, CA",$4.25,
Chevron,"34306 Pacific Coast Hwy, Dana Point, CA",$4.79,
Shell,"28922 Golden Lantern St, Laguna Niguel, CA",N/A,
76,"32611 Niguel Rd, Dana Point, CA",N/A,
Chevron,"30072 Crown Valley Pkwy, Laguna Niguel, CA",$4.55,
Shell,"30011 Crown Valley Pkwy, Laguna Niguel, CA",$4.39,
Chevron,"34164 Pacific Coast Hwy, Dana Point, CA",$4.79,
Shell,"4601 Campus Dr, Irvine, CA",N/A,
Chevron,"18002 Culver Dr, Irvine, CA",$4.89,
Culver Auto Spa,"18011 Culver Dr, Irvine, CA",$4.79,
76,"2690 San Miguel Dr, Newport Beach, CA",$4.69,
Speedway,"5333 University Dr, Irvine, CA",$4.59,
Chevron,"1240 Bison Ave, Newport Beach, CA",$4.89,
Shell,"3090 Main St, Irvine, CA",$4.69,
Chevron,"18692 MacArthur Blvd, Irvine, CA",N/A,
ARCO,"2100 SE Bristol St, Newport Beach, CA",$4.25,
Chevron,"2121 SE Bristol St, Newport Beach, CA",$4.89,
Mobil,"3765 Alton Pkwy, Irvine, CA",$4.79,
Shell,"4550 Lake Rd, Irvine, CA",$4.89,
Shell,"3720 Barranca Pkwy, Irvine, CA",$4.69,
Chevron,"5425 Alton Pkwy, Irvine, CA",$4.89,
Mobil,"5793 Alton Pkwy, Irvine, CA",$4.99,
ARCO,"300 N Bristol St, Costa Mesa, CA",$3.99,
Shell,"1512 SE Bristol St, Costa Mesa, CA",$4.49,
Shell,"1600 Jamboree Rd, Newport Beach, CA",$4.57,
Chevron,"80 Corporate Park, Irvine, CA",$4.89,
ARCO,"6501 Quail Hill Pkwy, Irvine, CA",N/A,
7-Eleven,"8693 Irvine Center Dr, Irvine, CA",$4.19,
Costco,"115 Technology Dr, Irvine, CA",$4.29,
Shell,"51 Technology Dr, Irvine, CA",$4.39,
Chevron,"16221 Lake Forest Dr, Irvine, CA",$4.79,
Mobil,"5793 Alton Pkwy, Irvine, CA",$4.99,
76,"14886 Sand Canyon Ave, Irvine, CA",$5.27,
Chevron,"24571 Trabuco Rd, Lake Forest, CA",$4.49,
Shell,"51 Technology Dr, Irvine, CA",$4.39,
Costco,"115 Technology Dr, Irvine, CA",$4.29,
Chevron,"6320 Irvine Blvd, Irvine, CA",$4.89,
76,"14886 Sand Canyon Ave, Irvine, CA",$5.27,
7-Eleven,"8693 Irvine Center Dr, Irvine, CA",$4.19,
Mobil,"21721 Lake Forest Dr, Lake Forest, CA",$4.89,
Shell,"21762 Lake Forest Dr, Lake Forest, CA",$4.39,
Chevron,"20731 Lake Forest Dr, Lake Forest, CA",$4.59,
Chevron,"23631 Rockfield Blvd, Lake Forest, CA",$4.79,
Chevron,"19232 Alton Pkwy, Foothill Ranch, CA",$4.69,
Shell,"26721 Rancho Pkwy, Lake Forest, CA",$4.35,
Chevron,"16221 Lake Forest Dr, Irvine, CA",$4.79,
Grab-N-Go,"20572 Lake Forest Dr, Lake Forest, CA",$4.19,
Shell,"23652 Rockfield Blvd, Lake Forest, CA",$4.65,
ARCO,"14111 Jeffrey Rd, Irvine, CA",$4.89,
Shell,"23038 Lake Forest Dr, Laguna Hills, CA",$4.65,
7-Eleven,"26731 Portola Pkwy, Foothill Ranch, CA",$4.29,
Ralphs,"22391 El Toro Rd, Lake Forest, CA",$4.25,
Mobil,"22381 El Toro Rd, Lake Forest, CA",$4.29,
76,"4760 Irvine Blvd, Irvine, CA",$4.29,
Shell,"4162 Trabuco Rd, Irvine, CA",$4.39,
Chevron,"6320 Irvine Blvd, Irvine, CA",$4.89,
ARCO,"14111 Jeffrey Rd, Irvine, CA",$4.89,
Shell,"3720 Barranca Pkwy, Irvine, CA",$4.69,
Chevron,"80 Corporate Park, Irvine, CA",$4.89,
Costco,"2701 Park Ave, Tustin, CA",$3.99,
Mobil,"3765 Alton Pkwy, Irvine, CA",$4.79,
Chevron,"15425 Culver Dr, Irvine, CA",$4.89,
76,"3017 Edinger Ave, Tustin, CA",$4.49,
Shell,"4550 Lake Rd, Irvine, CA",$4.89,
Mobil,"14493 Culver Dr, Irvine, CA",$4.53,
Shell,"3090 Main St, Irvine, CA",$4.69,
Chevron,"14446 Culver Dr, Irvine, CA",$4.59,
Chevron,"5425 Alton Pkwy, Irvine, CA",$4.89,
Shell,"4162 Trabuco Rd, Irvine, CA",$4.39,
Chevron,"18002 Culver Dr, Irvine, CA",$4.89,
Culver Auto Spa,"18011 Culver Dr, Irvine, CA",$4.79,
Mobil,"5793 Alton Pkwy, Irvine, CA",$4.99,
ARCO,"1727 E Dyer Rd, Santa Ana, CA",$4.09,
7-Eleven,"1700 E Dyer Rd, Santa Ana, CA",$4.05,
Berri Brothers,"14501 Red Hill Ave, Tustin, CA",$3.87,
Chevron,"17561 MacArthur Blvd, Irvine, CA",$4.89,
Mobil,"17551 MacArthur Blvd, Irvine, CA",$4.59,
Valero,"34131 Doheny Park Rd, Capistrano Beach, CA",$4.73,
Doheny Village Car Wash,"34241 Doheny Park Rd, Capistrano Beach, CA",N/A,
Corona del Mar Gas,"2201 E Coast Hwy, Corona del Mar, CA",$4.59,
Chevron,"2546 E Coast Hwy, Corona del Mar, CA",$4.79,
Mobil,"2500 San Joaquin Hills Rd, Corona del Mar, CA",N/A,
76,"3400 E Coast Hwy, Corona del Mar, CA",$4.43,
ARCO,"3003 Newport Blvd, Costa Mesa, CA",$3.95,
Sinclair,"2502 Harbor Blvd, Costa Mesa, CA",$3.99,
ARCO,"3201 Harbor Blvd, Costa Mesa, CA",$3.99,
ARCO,"300 N Bristol St, Costa Mesa, CA",$3.99,
Speedway,"751 Baker St, Costa Mesa, CA",$4.09,
G&M,"3067 Bristol St, Costa Mesa, CA",$4.19,
ARCO,"2490 Fairview Rd, Costa Mesa, CA",$4.15,
76,"1195 Baker St, Costa Mesa, CA",$4.29,
Mobil,"3006 Harbor Blvd, Costa Mesa, CA",$4.35,
Shell,"1201 Baker St, Costa Mesa, CA",$4.29,
Shell,"1512 SE Bristol St, Costa Mesa, CA",$4.49,
Chevron,"2995 Bristol St, Costa Mesa, CA",$4.69,
Chevron,"3048 Bristol St, Costa Mesa, CA",$4.69,
Chevron,"3190 Harbor Blvd, Costa Mesa, CA",$4.79,
Chevron,"3000 Fairview Rd, Costa Mesa, CA",$4.79,
Speedway Express,"799 W 19th St, Costa Mesa, CA",$3.99,
G&M,"790 W 19th St, Costa Mesa, CA",$4.09,
ARCO,"2602 Newport Blvd, Costa Mesa, CA",$4.09,
ARCO,"2021 Newport Blvd, Costa Mesa, CA",$4.15,
Valero,"2050 Harbor Blvd, Costa Mesa, CA",$4.15,
7-Eleven,"204 E 17th St, Costa Mesa, CA",$4.39,
Shell,"2249 Harbor Blvd, Costa Mesa, CA",$4.49,
Costa Mesa Oil Co,"2281 Newport Blvd, Costa Mesa, CA",$3.99,
Chevron,"2160 Harbor Blvd, Costa Mesa, CA",$4.85,
Chevron,"195 E 17th St, Costa Mesa, CA",$4.79,
Chevron,"1740 Newport Blvd, Costa Mesa, CA",$4.99,
76,"393 E 17th St, Costa Mesa, CA",N/A,
76,"1900 Newport Blvd, Costa Mesa, CA",N/A,
7-Eleven,"204 E 17th St, Costa Mesa, CA",$4.39,
ARCO,"2021 Newport Blvd, Costa Mesa, CA",$4.15,
76,"393 E 17th St, Costa Mesa, CA",N/A,
76,"1900 Newport Blvd, Costa Mesa, CA",N/A,
Chevron,"195 E 17th St, Costa Mesa, CA",$4.79,
Chevron,"2160 Harbor Blvd, Costa Mesa, CA",$4.85,
Chevron,"1740 Newport Blvd, Costa Mesa, CA",$4.99,
Valero,"2050 Harbor Blvd, Costa Mesa, CA",$4.15,
G&M,"790 W 19th St, Costa Mesa, CA",$4.09,
Speedway Express,"799 W 19th St, Costa Mesa, CA",$3.99,
Costa Mesa Oil Co,"2281 Newport Blvd, Costa Mesa, CA",$3.99,
Shell,"2249 Harbor Blvd, Costa Mesa, CA",$4.49,
Chevron,"1461 Superior Ave, Newport Beach, CA",$4.99,
Sinclair,"2502 Harbor Blvd, Costa Mesa, CA",$3.99,
ARCO,"2490 Fairview Rd, Costa Mesa, CA",$4.15,
76,"3401 Newport Blvd, Newport Beach, CA",$3.95,
Chevron,"301 E Coast Hwy, Newport Beach, CA",$4.69,
ARCO,"2602 Newport Blvd, Costa Mesa, CA",$4.09,
ARCO,"21452 Brookhurst St, Huntington Beach, CA",$4.69,
Chevron,"21471 Brookhurst St, Huntington Beach, CA",$4.69,
ARCO,"34342 Pacific Coast Hwy, Dana Point, CA",$4.25,
Chevron,"32842 Pacific Coast Hwy, Dana Point, CA",$4.39,
Mobil,"33571 Del Obispo St, Dana Point, CA",$4.65,
Chevron,"34164 Pacific Coast Hwy, Dana Point, CA",$4.79,
Chevron,"34306 Pacific Coast Hwy, Dana Point, CA",$4.79,
76,"32611 Niguel Rd, Dana Point, CA",N/A,
ARCO,"29080 Portola Pkwy, Lake Forest, CA",$4.19,
Grab-N-Go,"20572 Lake Forest Dr, Lake Forest, CA",$4.19,
Ralphs,"22391 El Toro Rd, Lake Forest, CA",$4.25,
Shell,"23852 El Toro Rd, Lake Forest, CA",$4.33,
Mobil,"22381 El Toro Rd, Lake Forest, CA",$4.29,
Shell,"26721 Rancho Pkwy, Lake Forest, CA",$4.35,
Shell,"21762 Lake Forest Dr, Lake Forest, CA",$4.39,
Chevron,"24571 Trabuco Rd, Lake Forest, CA",$4.49,
Chevron,"23631 Rockfield Blvd, Lake Forest, CA",$4.79,
Chevron,"20731 Lake Forest Dr, Lake Forest, CA",$4.59,
Mobil,"21721 Lake Forest Dr, Lake Forest, CA",$4.89,
Shell,"23652 Rockfield Blvd, Lake Forest, CA",$4.65,
Chevron,"23891 Bridger Rd, Lake Forest, CA",$4.79,
ARCO,"24181 Moulton Pkwy, Laguna Woods, CA",$4.45,
Mobil,"24362 El Toro Rd, Laguna Woods, CA",N/A,
ARCO,"18972 Beach Blvd, Huntington Beach, CA",$3.75,
76,"9002 Adams Ave, Huntington Beach, CA",$4.44,
World,"8972 Adams Ave, Huntington Beach, CA",$4.69,
Mobil,"20002 Beach Blvd, Huntington Beach, CA",$4.59,
Mobil,"9001 Adams Ave, Huntington Beach, CA",$4.59,
ARCO,"21452 Brookhurst St, Huntington Beach, CA",$4.69,
Chevron,"8971 Adams Ave, Huntington Beach, CA",$4.69,
Chevron,"21471 Brookhurst St, Huntington Beach, CA",$4.69,
ARCO,"17502 Goldenwest St, Huntington Beach, CA",$3.75,
Costco,"7562 Center Ave, Huntington Beach, CA",$3.79,
ARCO,"6002 Bolsa Ave, Huntington Beach, CA",$3.85,
ARCO,"16501 Goldenwest St, Huntington Beach, CA",$3.89,
G&M,"15971 Goldenwest St, Huntington Beach, CA",$3.99,
G&M,"16990 Beach Blvd, Huntington Beach, CA",$3.99,
7-Eleven,"16171 Beach Blvd, Huntington Beach, CA",$3.99,
76,"16971 Goldenwest St, Huntington Beach, CA",$4.04,
Mobil,"16001 Beach Blvd, Huntington Beach, CA",$4.39,
Chevron,"6972 Warner Ave, Huntington Beach, CA",$4.69,
Chevron,"14972 Springdale St, Huntington Beach, CA",$4.59,
Shell,"6502 Edinger Ave, Huntington Beach, CA",$4.69,
Chevron,"17472 Beach Blvd, Huntington Beach, CA",$4.69,
Mobil,"15001 Goldenwest St, Huntington Beach, CA",$4.79,
Speedway Express,"15501 Edwards St, Huntington Beach, CA",N/A,
ARCO,"19971 Beach Blvd, Huntington Beach, CA",$3.77,
Huntington Beach Car Wash,"18971 Beach Blvd, Huntington Beach, CA",$3.85,
G&M,"19472 Beach Blvd, Huntington Beach, CA",$3.99,
76,"18742 Main St, Huntington Beach, CA",$4.29,
Chevron,"19492 Goldenwest St., Huntington Beach, CA",$4.69,
Chevron,"18501 Beach Blvd, Huntington Beach, CA",$4.69,
7-Eleven,"706 Pacific Coast Hwy, Huntington Beach, CA",N/A,
ARCO,"5981 Warner Ave, Huntington Beach, CA",$3.79,
Mobil,"17222 Pacific Coast Hwy, Huntington Beach, CA",$4.55,
Chevron,"5002 Edinger Ave, Huntington Beach, CA",$4.99,
Chevron,"16921 Algonquin St, Huntington Beach, CA",$5.09,
Mobil,"5972 Warner Ave, Huntington Beach, CA",N/A,
Maximum Petroleum,"15922 Pacific Coast Hwy, Huntington Beach, CA",N/A,
76,"14886 Sand Canyon Ave, Irvine, CA",$5.27,
ARCO,"14111 Jeffrey Rd, Irvine, CA",$4.89,
Chevron,"6320 Irvine Blvd, Irvine, CA",$4.89,
Mobil,"5793 Alton Pkwy, Irvine, CA",$4.99,
Costco,"115 Technology Dr, Irvine, CA",$4.29,
Chevron,"5425 Alton Pkwy, Irvine, CA",$4.89,
Shell,"51 Technology Dr, Irvine, CA",$4.39,
ARCO,"6501 Quail Hill Pkwy, Irvine, CA",N/A,
Shell,"4162 Trabuco Rd, Irvine, CA",$4.39,
Chevron,"14446 Culver Dr, Irvine, CA",$4.59,
Shell,"4550 Lake Rd, Irvine, CA",$4.89,
Mobil,"14493 Culver Dr, Irvine, CA",$4.53,
76,"4760 Irvine Blvd, Irvine, CA",$4.29,
Chevron,"15425 Culver Dr, Irvine, CA",$4.89,
7-Eleven,"8693 Irvine Center Dr, Irvine, CA",$4.19,
Speedway,"5333 University Dr, Irvine, CA",$4.59,
Chevron,"3921 Irvine Blvd, Irvine, CA",$4.89,
Shell,"3720 Barranca Pkwy, Irvine, CA",$4.69,
Mobil,"3765 Alton Pkwy, Irvine, CA",$4.79,
76,"3017 Edinger Ave, Tustin, CA",$4.49,
Food Village,"120 S Coast Hwy, Laguna Beach, CA",$4.57,
7-Eleven,"31702 Pacific Coast Hwy, Laguna Beach, CA",$4.39,
Mobil,"104 N Coast Hwy, Laguna Beach, CA",$4.59,
Shell,"1342 N Pacific Coast Hwy, Laguna Beach, CA",$4.69,
Chevron,"604 S Coast Hwy, Laguna Beach, CA",$4.75,
Shell,"590 S Coast Hwy, Laguna Beach, CA",N/A,
Food Village,"120 S Coast Hwy, Laguna Beach, CA",$4.57,
Shell,"590 S Coast Hwy, Laguna Beach, CA",N/A,
Chevron,"604 S Coast Hwy, Laguna Beach, CA",$4.75,
Mobil,"104 N Coast Hwy, Laguna Beach, CA",$4.59,
Shell,"1342 N Pacific Coast Hwy, Laguna Beach, CA",$4.69,
Shell,"27882 Aliso Creek Rd, Aliso Viejo, CA",$4.59,
Chevron,"22952 Pacific Park Dr, Aliso Viejo, CA",N/A,
7-Eleven,"31702 Pacific Coast Hwy, Laguna Beach, CA",$4.39,
Shell,"27055 Aliso Creek Rd, Aliso Viejo, CA",$4.49,
76,"26871 Aliso Creek Rd, Aliso Viejo, CA",N/A,
Mobil,"30061 Alicia Pkwy, Laguna Niguel, CA",$4.59,
Mobil,"27430 Alicia Pkwy, Laguna Niguel, CA",$4.39,
ARCO,"30081 Crown Valley Pkwy, Laguna Niguel, CA",$4.09,
Chevron,"30072 Crown Valley Pkwy, Laguna Niguel, CA",$4.55,
Shell,"30011 Crown Valley Pkwy, Laguna Niguel, CA",$4.39,
Costco,"27220 Heather Ridge Rd, Laguna Niguel, CA",$4.24,
ARCO,"27491 La Paz Rd, Laguna Niguel, CA",N/A,
Chevron,"23022 Aliso Creek Rd, Aliso Viejo, CA",$4.79,
Mobil,"23431 Aliso Viejo Pkwy, Aliso Viejo, CA",$4.49,
Mobil,"26996 La Paz Rd, Aliso Viejo, CA",$5.09,
Mobil,"25491 Alicia Pkwy, Laguna Hills, CA",$4.53,
76,"25172 Cabot Rd, Laguna Hills, CA",$4.54,
Shell,"23038 Lake Forest Dr, Laguna Hills, CA",$4.65,
Chevron,"24795 Alicia Pkwy, Laguna Hills, CA",$4.59,
Chevron,"23991 El Toro Rd, Laguna Hills, CA",$4.79,
76,"24082 El Toro Rd, Laguna Hills, CA",N/A,
Chevron,"23991 El Toro Rd, Laguna Hills, CA",$4.79,
Shell,"23852 El Toro Rd, Lake Forest, CA",$4.33,
76,"24082 El Toro Rd, Laguna Hills, CA",N/A,
Mobil,"24362 El Toro Rd, Laguna Woods, CA",N/A,
Chevron,"23891 Bridger Rd, Lake Forest, CA",$4.79,
ARCO,"24181 Moulton Pkwy, Laguna Woods, CA",$4.45,
Chevron,"24795 Alicia Pkwy, Laguna Hills, CA",$4.59,
Mobil,"25491 Alicia Pkwy, Laguna Hills, CA",$4.53,
Shell,"23652 Rockfield Blvd, Lake Forest, CA",$4.65,
Chevron,"23631 Rockfield Blvd, Lake Forest, CA",$4.79,
Chevron,"23022 Aliso Creek Rd, Aliso Viejo, CA",$4.79,
Mobil,"23431 Aliso Viejo Pkwy, Aliso Viejo, CA",$4.49,
Shell,"23038 Lake Forest Dr, Laguna Hills, CA",$4.65,
Chevron,"16221 Lake Forest Dr, Irvine, CA",$4.79,
Shell,"25561 Jeronimo Rd, Mission Viejo, CA",$4.29,
ARCO,"23921 Alicia Pkwy, Mission Viejo, CA",$4.89,
ARCO,"26001 La Paz Rd, Mission Viejo, CA",$5.09,
76,"25172 Cabot Rd, Laguna Hills, CA",$4.54,
Shell,"26202 La Paz Rd, Mission Viejo, CA",$4.49,
Chevron,"26815 La Paz Rd, Aliso Viejo, CA",N/A,
Mobil,"23431 Aliso Viejo Pkwy, Aliso Viejo, CA",$4.49,
Shell,"27055 Aliso Creek Rd, Aliso Viejo, CA",$4.49,
Shell,"27882 Aliso Creek Rd, Aliso Viejo, CA",$4.59,
Chevron,"23022 Aliso Creek Rd, Aliso Viejo, CA",$4.79,
Mobil,"26996 La Paz Rd, Aliso Viejo, CA",$5.09,
Sinclair,"24281 Pacific Park Dr, Aliso Viejo, CA",N/A,
Chevron,"22952 Pacific Park Dr, Aliso Viejo, CA",N/A,
Chevron,"26815 La Paz Rd, Aliso Viejo, CA",N/A,
76,"26871 Aliso Creek Rd, Aliso Viejo, CA",N/A,
Chevron,"1240 Bison Ave, Newport Beach, CA",$4.89,
76,"2690 San Miguel Dr, Newport Beach, CA",$4.69,
ARCO,"2100 SE Bristol St, Newport Beach, CA",$4.25,
Shell,"1600 Jamboree Rd, Newport Beach, CA",$4.57,
Chevron,"2121 SE Bristol St, Newport Beach, CA",$4.89,
Chevron,"1550 Jamboree Rd, Newport Beach, CA",N/A,
Shell,"1512 SE Bristol St, Costa Mesa, CA",$4.49,
Shell,"4601 Campus Dr, Irvine, CA",N/A,
ARCO,"300 N Bristol St, Costa Mesa, CA",$3.99,
Mobil,"2500 San Joaquin Hills Rd, Corona del Mar, CA",N/A,
Beacon Bay Auto Wash,"150 Newport Center Dr, Newport Beach, CA",N/A,
Chevron,"18692 MacArthur Blvd, Irvine, CA",N/A,
ARCO,"2602 Newport Blvd, Costa Mesa, CA",$4.09,
Culver Auto Spa,"18011 Culver Dr, Irvine, CA",$4.79,
Chevron,"18002 Culver Dr, Irvine, CA",$4.89,
Corona del Mar Gas,"2201 E Coast Hwy, Corona del Mar, CA",$4.59,
Costa Mesa Oil Co,"2281 Newport Blvd, Costa Mesa, CA",$3.99,
Chevron,"2546 E Coast Hwy, Corona del Mar, CA",$4.79,
Chevron,"301 E Coast Hwy, Newport Beach, CA",$4.69,
ARCO,"3003 Newport Blvd, Costa Mesa, CA",$3.95,
76,"3400 E Coast Hwy, Corona del Mar, CA",$4.43,
Mobil,"2500 San Joaquin Hills Rd, Corona del Mar, CA",N/A,
Chevron,"2546 E Coast Hwy, Corona del Mar, CA",$4.79,
Corona del Mar Gas,"2201 E Coast Hwy, Corona del Mar, CA",$4.59,
Beacon Bay Auto Wash,"150 Newport Center Dr, Newport Beach, CA",N/A,
76,"2690 San Miguel Dr, Newport Beach, CA",$4.69,
Chevron,"1550 Jamboree Rd, Newport Beach, CA",N/A,
Shell,"1600 Jamboree Rd, Newport Beach, CA",$4.57,
Chevron,"1240 Bison Ave, Newport Beach, CA",$4.89,
Chevron,"301 E Coast Hwy, Newport Beach, CA",$4.69,
Shell,"4601 Campus Dr, Irvine, CA",N/A,
76,"393 E 17th St, Costa Mesa, CA",N/A,
ARCO,"2100 SE Bristol St, Newport Beach, CA",$4.25,
Chevron,"2121 SE Bristol St, Newport Beach, CA",$4.89,
7-Eleven,"204 E 17th St, Costa Mesa, CA",$4.39,
Chevron,"195 E 17th St, Costa Mesa, CA",$4.79,
Shell,"1342 N Pacific Coast Hwy, Laguna Beach, CA",$4.69,
76,"3401 Newport Blvd, Newport Beach, CA",$3.95,
76,"1900 Newport Blvd, Costa Mesa, CA",N/A,
Chevron,"1740 Newport Blvd, Costa Mesa, CA",$4.99,
ARCO,"2100 SE Bristol St, Newport Beach, CA",$4.25,
76,"2690 San Miguel Dr, Newport Beach, CA",$4.69,
Chevron,"2121 SE Bristol St, Newport Beach, CA",$4.89,
Chevron,"1240 Bison Ave, Newport Beach, CA",$4.89,
Shell,"1600 Jamboree Rd, Newport Beach, CA",$4.57,
Chevron,"301 E Coast Hwy, Newport Beach, CA",$4.69,
Beacon Bay Auto Wash,"150 Newport Center Dr, Newport Beach, CA",N/A,
Chevron,"1550 Jamboree Rd, Newport Beach, CA",N/A,
76,"3401 Newport Blvd, Newport Beach, CA",$3.95,
Chevron,"1461 Superior Ave, Newport Beach, CA",$4.99,
Berri Brothers,"2749 N El Camino Real, San Clemente, CA",$4.39,
Valero,"504 N Avenida de la Estrella, San Clemente, CA",$4.39,
Shell,"590 Camino de Estrella, San Clemente, CA",$4.81,
Chevron,"1729 S El Camino Real, San Clemente, CA",$4.89,
Shell,"2400 S El Camino Real, San Clemente, CA",$4.89,
Chevron,"515 E Avenida Pico, San Clemente, CA",$4.99,
76,"1201 S El Camino Real, San Clemente, CA",$4.89,
Mobil,"600 E Avenida Pico, San Clemente, CA",$4.95,
United Oil,"795 S El Camino Real, San Clemente, CA",N/A,
76,"2360 S El Camino Real, San Clemente, CA",N/A,
San Clemente Car Wash,"1731 N El Camino Real, San Clemente, CA",N/A,
76,"606 Camino De Los Mares, San Clemente, CA",$4.79,
Mobil,"901 Avenida Pico, San Clemente, CA",$4.95,
Chevron,"515 E Avenida Pico, San Clemente, CA",$4.99,
Mobil,"600 E Avenida Pico, San Clemente, CA",$4.95,
San Clemente Car Wash,"1731 N El Camino Real, San Clemente, CA",N/A,
Valero,"504 N Avenida de la Estrella, San Clemente, CA",$4.39,
Berri Brothers,"2749 N El Camino Real, San Clemente, CA",$4.39,
United Oil,"795 S El Camino Real, San Clemente, CA",N/A,
Mobil,"901 Avenida Pico, San Clemente, CA",$4.95,
76,"1201 S El Camino Real, San Clemente, CA",$4.89,
Chevron,"1729 S El Camino Real, San Clemente, CA",$4.89,
76,"2360 S El Camino Real, San Clemente, CA",N/A,
Shell,"2400 S El Camino Real, San Clemente, CA",$4.89,
76,"606 Camino De Los Mares, San Clemente, CA",$4.79,
Shell,"590 Camino de Estrella, San Clemente, CA",$4.81,
MCCS Autoport,"Bldg 62508 (San Mateo) Christianitos Rd, Camp Pendleton, CA",N/A,
Valero,"34131 Doheny Park Rd, Capistrano Beach, CA",$4.73,
Doheny Village Car Wash,"34241 Doheny Park Rd, Capistrano Beach, CA",N/A,
Costco,"33961 Doheny Park Rd, San Juan Capistrano, CA",$4.35,
ARCO,"34342 Pacific Coast Hwy, Dana Point, CA",$4.25,
Chevron,"34306 Pacific Coast Hwy, Dana Point, CA",$4.79,
Mobil,"33571 Del Obispo St, Dana Point, CA",$4.65,
Costco,"33961 Doheny Park Rd, San Juan Capistrano, CA",$4.35,
Conserv Fuel,"30801 Gateway Pl, San Juan Capistrano, CA",$4.55,
Chevron,"27101 Ortega Hwy, San Juan Capistrano, CA",$4.79,
Shell,"32001 Camino Capistrano, San Juan Capistrano, CA",$4.87,
Chevron,"26571 Junipero Serra Rd, San Juan Capistrano, CA",$4.99,
Chevron,"28692 Camino Capistrano, San Juan Capistrano, CA",N/A,
76,"26572 Junipero Serra Rd, San Juan Capistrano, CA",N/A,
ARCO,"30081 Crown Valley Pkwy, Laguna Niguel, CA",$4.09,
Costco,"27972 Cabot Rd, Laguna Niguel, CA",$4.19,
Costco,"27220 Heather Ridge Rd, Laguna Niguel, CA",$4.24,
Mobil,"27430 Alicia Pkwy, Laguna Niguel, CA",$4.39,
Shell,"30011 Crown Valley Pkwy, Laguna Niguel, CA",$4.39,
Chevron,"30072 Crown Valley Pkwy, Laguna Niguel, CA",$4.55,
Mobil,"30061 Alicia Pkwy, Laguna Niguel, CA",$4.59,
ARCO,"28662 Camino Capistrano, Laguna Niguel, CA",$4.69,
Chevron,"25991 Crown Valley Pkwy, Laguna Niguel, CA",$4.79,
Shell,"28922 Golden Lantern St, Laguna Niguel, CA",N/A,
ARCO,"27491 La Paz Rd, Laguna Niguel, CA",N/A,
Shell,"21712 Plano Trabuco Rd, Trabuco Canyon, CA",$4.27,
7-Eleven,"6322 Westminster Blvd, Westminster, CA",$3.55,
Mohsen,"5981 Westminster Blvd, Westminster, CA",$3.54,
ARCO,"14511 Brookhurst St, Westminster, CA",$3.59,
G&M,"13741 Beach Blvd, Westminster, CA",$4.09,
Excaliber Fuels,"8482 Westminster Blvd, Westminster, CA",$3.95,
G&M,"13682 Beach Blvd, Westminster, CA",$4.09,
ARCO,"13142 Goldenwest St, Westminster, CA",$4.09,
7-Eleven,"15991 Magnolia St, Westminster, CA",$4.24,
7-Eleven,"13982 Bolsa Chica Rd, OrangeCounty, CA",$4.09,
Shell,"6311 Westminster Blvd, Westminster, CA",$4.34,
Chevron,"5992 Westminster Blvd, Westminster, CA",$4.59,
ARCO,"6982 Westminster Blvd, Westminster, CA",$4.37,
Shell,"7051 Garden Grove Blvd, Garden Grove, CA",$4.39,
Chevron,"6702 Westminster Blvd, Westminster, CA",$4.69,
Chevron,"14902 Beach Blvd, Westminster, CA",$4.69,
Mobil,"13441 Beach Blvd, Westminster, CA",$4.49,
Shell,"8990 Bolsa Ave, Westminster, CA",$4.55,
Chevron,"13712 Goldenwest St, Westminster, CA",$4.59,
Chevron,"15501 Beach Blvd, Westminster, CA",$4.69,
Bolsa Petroleum,"8961 Bolsa Ave, Westminster, CA",N/A,
7-Eleven,"6322 Westminster Blvd, Westminster, CA",$3.55,
Chevron,"6702 Westminster Blvd, Westminster, CA",$4.69,
Chevron,"5992 Westminster Blvd, Westminster, CA",$4.59,
Chevron,"13712 Goldenwest St, Westminster, CA",$4.59,
Mohsen,"5981 Westminster Blvd, Westminster, CA",$3.54,
ARCO,"13142 Goldenwest St, Westminster, CA",$4.09,
Shell,"6311 Westminster Blvd, Westminster, CA",$4.34,
Shell,"7051 Garden Grove Blvd, Garden Grove, CA",$4.39,
ARCO,"6982 Westminster Blvd, Westminster, CA",$4.37,
76,"12512 Knott St, Garden Grove, CA",N/A,
Shell,"12571 Valley View St, Garden Grove, CA",N/A,
Mobil,"12422 Valley View St, Garden Grove, CA",N/A,
Chevron,"8032 Garden Grove Blvd, Garden Grove, CA",$4.59,
Mobil,"13441 Beach Blvd, Westminster, CA",$4.49,
G&M,"13741 Beach Blvd, Westminster, CA",$4.09,
76,"5000 Westminster Blvd, Westminster, CA",N/A,
G&M,"13682 Beach Blvd, Westminster, CA",$4.09,
7-Eleven,"13982 Bolsa Chica Rd, OrangeCounty, CA",$4.09,
Chevron,"14972 Springdale St, Huntington Beach, CA",$4.59,
ARCO,"6002 Bolsa Ave, Huntington Beach, CA",$3.85,
Chevron,"14902 Beach Blvd, Westminster, CA",$4.69,
G&M,"13741 Beach Blvd, Westminster, CA",$4.09,
G&M,"13682 Beach Blvd, Westminster, CA",$4.09,
Chevron,"6702 Westminster Blvd, Westminster, CA",$4.69,
ARCO,"6982 Westminster Blvd, Westminster, CA",$4.37,
Excaliber Fuels,"8482 Westminster Blvd, Westminster, CA",$3.95,
Mobil,"15001 Goldenwest St, Huntington Beach, CA",$4.79,
Chevron,"13712 Goldenwest St, Westminster, CA",$4.59,
Mobil,"13441 Beach Blvd, Westminster, CA",$4.49,
Chevron,"15501 Beach Blvd, Westminster, CA",$4.69,
Costco,"7562 Center Ave, Huntington Beach, CA",$3.79,
7-Eleven,"6322 Westminster Blvd, Westminster, CA",$3.55,
Chevron,"8032 Garden Grove Blvd, Garden Grove, CA",$4.59,
Bolsa Petroleum,"8961 Bolsa Ave, Westminster, CA",N/A,
Sinclair,"9011 Westminster Ave, Garden Grove, CA",N/A,
Shell,"8990 Bolsa Ave, Westminster, CA",$4.55,
Shell,"6311 Westminster Blvd, Westminster, CA",$4.34,
ARCO,"13142 Goldenwest St, Westminster, CA",$4.09,
Chevron,"13681 Magnolia St, Garden Grove, CA",N/A,
Berri Brothers,"8221 Garden Grove Blvd, Garden Grove, CA",$3.95,
ARCO,"29880 Santa Margarita Pkwy, Rancho Santa Margarita, CA",$3.99,
Mobil,"31521 Santa Margarita Pkwy, Rancho Santa Margarita, CA",$4.29,
Shell,"30114 Santa Margarita Pkwy, Rancho Santa Margarita, CA",$4.39,
ARCO,"27402 Antonio Pkwy, Ladera Ranch, CA",N/A,
Chevron,"30832 Santa Margarita Pkwy, Rancho Santa Margarita, CA",N/A,
ARCO,"27402 Antonio Pkwy, Ladera Ranch, CA",N/A,
Mobil,"27702 Crown Valley Pkwy, Ladera Ranch, CA",$4.75,
Shell,"28632 Oso Pkwy, Rancho Santa Margarita, CA",$4.89,
Shell,"27600 Marguerite Pkwy, Mission Viejo, CA",$4.49,
Conserv Fuel,"30801 Gateway Pl, San Juan Capistrano, CA",$4.55,
ARCO,"27682 Crown Valley Pkwy, Mission Viejo, CA",$4.43,
76,"26411 Crown Valley Pkwy, Mission Viejo, CA",$4.49,
Chevron,"27742 Crown Valley Pkwy, Mission Viejo, CA",$4.89,
Mobil,"26052 Marguerite Pkwy, Mission Viejo, CA",$4.74,
Chevron,"28692 Camino Capistrano, San Juan Capistrano, CA",N/A,
ARCO,"28662 Camino Capistrano, Laguna Niguel, CA",$4.69,
Chevron,"25991 Crown Valley Pkwy, Laguna Niguel, CA",$4.79,
Chevron,"26302 Oso Pkwy, Mission Viejo, CA",$4.79,
Costco,"27972 Cabot Rd, Laguna Niguel, CA",$4.19,
76,"26282 Oso Pkwy, Mission Viejo, CA",$4.74,
Berri Brothers,"25122 Marguerite Pkwy, Mission Viejo, CA",$3.99,
Chevron,"26571 Junipero Serra Rd, San Juan Capistrano, CA",$4.99,
76,"26572 Junipero Serra Rd, San Juan Capistrano, CA",N/A,
Shell,"28922 Golden Lantern St, Laguna Niguel, CA",N/A,
Shell,"26202 La Paz Rd, Mission Viejo, CA",$4.49,
76,"27271 Trabuco Rd, Mission Viejo, CA",$4.24,
Shell,"25561 Jeronimo Rd, Mission Viejo, CA",$4.29,
ARCO,"27682 Crown Valley Pkwy, Mission Viejo, CA",$4.43,
Shell,"27875 Santa Margarita Pkwy, Mission Viejo, CA",$4.39,
Shell,"26202 La Paz Rd, Mission Viejo, CA",$4.49,
76,"26411 Crown Valley Pkwy, Mission Viejo, CA",$4.49,
Chevron,"27650 Santa Margarita Pkwy, Mission Viejo, CA",$4.59,
Mobil,"26811 Trabuco Rd, Mission Viejo, CA",$4.79,
76,"26282 Oso Pkwy, Mission Viejo, CA",$4.74,
Chevron,"26302 Oso Pkwy, Mission Viejo, CA",$4.79,
Chevron,"27742 Crown Valley Pkwy, Mission Viejo, CA",$4.89,
ARCO,"23921 Alicia Pkwy, Mission Viejo, CA",$4.89,
ARCO,"26001 La Paz Rd, Mission Viejo, CA",$5.09,
Berri Brothers,"25122 Marguerite Pkwy, Mission Viejo, CA",$3.99,
Mobil,"23002 Alicia Pkwy, Mission Viejo, CA",$4.49,
Shell,"27600 Marguerite Pkwy, Mission Viejo, CA",$4.49,
Mobil,"26052 Marguerite Pkwy, Mission Viejo, CA",$4.74,
Shell,"28632 Oso Pkwy, Rancho Santa Margarita, CA",$4.89,
Circle K,"31601 Riverside Dr, Lake Elsinore, CA",$4.33,
ARCO,"16851 Lakeshore Dr, Lake Elsinore, CA",N/A,
Chevron,"16830 Lakeshore Dr, Lake Elsinore, CA",$4.69,
Vons,"11800 De Palma Rd, Corona, CA",$4.04,
VP Racing Fuels,"17595 Grand Ave, Lakeland Village, CA",N/A,
Shell,"21712 Plano Trabuco Rd, Trabuco Canyon, CA",$4.27,
Circle K,"17671 Grand Ave, Lakeland Village, CA",$4.35,
ARCO,"19930 Collier Ave, Lake Elsinore, CA",$4.29,
Mobil,"31521 Santa Margarita Pkwy, Rancho Santa Margarita, CA",$4.29,
ARCO,"200 W Graham Ave, Lake Elsinore, CA",$4.23,
Chevron,"18451 Dexter Ave, Lake Elsinore, CA",$4.79,
Chevron,"30832 Santa Margarita Pkwy, Rancho Santa Margarita, CA",N/A,
ARCO,"29355 Central Ave, Lake Elsinore, CA",$4.39,
Costco,"29315 Central Ave, Lake Elsinore, CA",$4.25,
Mobil,"29300 Central Ave, Lake Elsinore, CA",$4.59,
Mobil,"301 N Main St, Lake Elsinore, CA",$4.49,
7-Eleven,"515 N Main St, Lake Elsinore, CA",$4.29,
Chevron,"510 N Main St, Lake Elsinore, CA",N/A,
Shell,"30114 Santa Margarita Pkwy, Rancho Santa Margarita, CA",$4.39,
ARCO,"29880 Santa Margarita Pkwy, Rancho Santa Margarita, CA",$3.99,
Mobil,"27702 Crown Valley Pkwy, Ladera Ranch, CA",$4.75,
ARCO,"1131 S Main St, Santa Ana, CA",$3.89,
Chevron,"400 E 17th St, Santa Ana, CA",$4.59,
Chevron,"401 N Grand Ave, Santa Ana, CA",$4.69,
ARCO,"302 W First St, Santa Ana, CA",$4.39,
ARCO,"1222 E First St, Santa Ana, CA",N/A,
ARCO,"302 W First St, Santa Ana, CA",$4.39,
Stars & Stripes Travel Center,"1465 S Main St, Santa Ana, CA",$3.79,
ARCO,"1131 S Main St, Santa Ana, CA",$3.89,
Chevron,"1501 S Broadway, Santa Ana, CA",$4.69,
Chevron,"1104 S Bristol St, Santa Ana, CA",$4.79,
Speedway Express,"1539 S Standard Ave, Santa Ana, CA",$3.79,
Chevron,"801 N Bristol St, Santa Ana, CA",$4.69,
ARCO,"1222 E First St, Santa Ana, CA",N/A,
Shell,"1501 E Edinger Ave, Santa Ana, CA",N/A,
G&M,"1904 W 1st St, Santa Ana, CA",$3.99,
Chevron,"401 N Grand Ave, Santa Ana, CA",$4.69,
Shell,"1501 E Edinger Ave, Santa Ana, CA",$4.67,
Mobil,"1502 E Edinger Ave, Santa Ana, CA",$4.69,
76,"1913 W Edinger Ave, Santa Ana, CA",$4.38,
D & L Gas,"1620 N Broadway, Santa Ana, CA",$3.79,
ARCO,"220 W 17th St, Santa Ana, CA",$3.75,
World,"1702 N Broadway, Santa Ana, CA",$3.69,
Chevron,"400 E 17th St, Santa Ana, CA",$4.59,
Chevron,"2603 S Main St, Santa Ana, CA",$4.55,
76,"617 E 17th St, Santa Ana, CA",$4.49,
G&M,"1904 W 1st St, Santa Ana, CA",$3.99,
G&M,"5201 W 1st St, Santa Ana, CA",$3.99,
Valero,"4502 Westminster Ave, Santa Ana, CA",$3.99,
Chevron,"4505 W 1st St, Santa Ana, CA",$4.49,
Mobil,"2702 W 1st St, Santa Ana, CA",$4.69,
Chevron,"801 N Bristol St, Santa Ana, CA",$4.69,
United Oil,"5142 W 1st St, Santa Ana, CA",$3.89,
ARCO,"2646 W 1st St, Santa Ana, CA",N/A,
Speedway Express,"2730 W McFadden Ave, Santa Ana, CA",$3.83,
ARCO,"2721 W Edinger Ave, Santa Ana, CA",$3.81,
Chevron,"702 S Harbor Blvd, Santa Ana, CA",$4.35,
76,"1913 W Edinger Ave, Santa Ana, CA",$4.38,
Mobil,"3470 S Fairview St, Costa Mesa, CA",$4.45,
Shell,"3820 S Fairview St, Santa Ana, CA",$4.49,
Chevron,"1104 S Bristol St, Santa Ana, CA",$4.79,
Chevron,"3801 S Bristol St, Santa Ana, CA",$4.89,
7-Eleven,"2217 E 17th St, Santa Ana, CA",$3.95,
7-Eleven,"1700 E Dyer Rd, Santa Ana, CA",$4.05,
US Gas,"401 N Tustin Ave, Santa Ana, CA",$3.95,
Ezy Gas,"320 N Tustin Ave, Santa Ana, CA",$3.95,
G&M,"2302 N Grand Ave, Santa Ana, CA",$4.19,
ARCO,"1727 E Dyer Rd, Santa Ana, CA",$4.09,
Mobil,"2231 N Grand Ave, Santa Ana, CA",$4.39,
Mobil,"1351 E Dyer Rd, Santa Ana, CA",$4.59,
Chevron,"2650 N Grand Ave, Santa Ana, CA",$4.59,
Mobil,"1502 E Edinger Ave, Santa Ana, CA",$4.69,
Shell,"1501 E Edinger Ave, Santa Ana, CA",$4.67,
Shell,"710 E Dyer Rd, Santa Ana, CA",$4.79,
Shell,"1501 E Edinger Ave, Santa Ana, CA",N/A,
Shell,"2120 McFadden Ave, Santa Ana, CA",N/A,
Speedway Express,"2940 N Bristol St, Santa Ana, CA",$3.84,
World,"1702 N Broadway, Santa Ana, CA",$3.69,
ARCO,"220 W 17th St, Santa Ana, CA",$3.75,
D & L Gas,"1620 N Broadway, Santa Ana, CA",$3.79,
76,"617 E 17th St, Santa Ana, CA",$4.49,
Shell,"2641 N Bristol St, Santa Ana, CA",$4.59,
Chevron,"2261 N Fairview St, Santa Ana, CA",N/A,
Stars & Stripes Travel Center,"1465 S Main St, Santa Ana, CA",$3.79,
Speedway Express,"1539 S Standard Ave, Santa Ana, CA",$3.79,
ARCO,"3414 S Main St, Santa Ana, CA",$4.39,
Chevron,"2603 S Main St, Santa Ana, CA",$4.55,
Mobil,"100 W MacArthur Blvd, Santa Ana, CA",$4.59,
Chevron,"1501 S Broadway, Santa Ana, CA",$4.69,
Chevron,"3301 S Bristol St, Santa Ana, CA",$4.69,
76,"2921 S Bristol St, Santa Ana, CA",$4.89,
ARCO,"10975 Edinger Ave, Fountain Valley, CA",$3.73,
Sam's Club,"17099 Brookhurst St, Fountain Valley, CA",$3.79,
Costco,"17900 Newhope St, Fountain Valley, CA",$3.79,
Berri Brothers,"18025 Magnolia St, Fountain Valley, CA",$3.85,
ARCO,"18480 Brookhurst St, Fountain Valley, CA",$4.05,
Speedway Express,"18520 Brookhurst St, Fountain Valley, CA",$4.05,
Berri Brothers,"17971 Brookhurst St, Fountain Valley, CA",$4.09,
ARCO,"8520 Warner Ave, Fountain Valley, CA",$4.09,
Circle K,"17966 Brookhurst St, Fountain Valley, CA",$4.19,
Shell,"16969 Brookhurst St, Fountain Valley, CA",$4.39,
ARCO,"17520 Brookhurst St, Fountain Valley, CA",$4.37,
ARCO,"17475 Brookhurst St, Fountain Valley, CA",$4.47,
Mobil,"9024 Warner Ave, Fountain Valley, CA",$4.49,
Mobil,"16230 S Harbor Blvd, Fountain Valley, CA",$4.59,
Chevron,"17980 Magnolia St, Fountain Valley, CA",$4.69,
Chevron,"8980 Warner Ave, Fountain Valley, CA",$4.69,
Chevron,"10020 Warner Ave, Fountain Valley, CA",$4.85,
Shell,"18975 Magnolia St, Fountain Valley, CA",$4.54,
76,"11470 Edinger Ave, Fountain Valley, CA",N/A,
Mobil,"9020 Edinger Ave, Fountain Valley, CA",N/A,
Mobil,"4502 E Chapman Ave, Orange, CA",N/A,
76,"17280 E 17th St, Tustin, CA",N/A,
Chevron,"4035 E Chapman Ave, Orange, CA",$4.69,
76,"5344 E Chapman Ave, Orange, CA",N/A,
Chevron,"17241 E 17th St, Tustin, CA",$4.79,
Valero,"3301 E Chapman Ave, Orange, CA",$4.39,
7-Eleven,"2937 E Chapman Ave, Orange, CA",$3.99,
7-Eleven,"2217 E 17th St, Santa Ana, CA",$3.95,
Chevron,"13561 Newport Ave, Tustin, CA",$4.69,
Shell,"889 S Tustin St, Orange, CA",$4.29,
Mobil,"2504 E Chapman Ave, Orange, CA",$4.47,
Shell,"395 W 1st St, Tustin, CA",$4.39,
76,"615 S Tustin St, Orange, CA",$3.95,
Shell,"17241 Irvine Blvd, Tustin, CA",$4.35,
US Gas,"401 N Tustin Ave, Santa Ana, CA",$3.95,
Chevron,"325 N Tustin Ave, Santa Ana, CA",$4.95,
SC Fuels,"13922 Newport Ave, Tustin, CA",N/A,
ARCO,"291 S Tustin St, Orange, CA",$3.89,
Ezy Gas,"320 N Tustin Ave, Santa Ana, CA",$3.95,
Shell,"1914 E Chapman Ave, Orange, CA",$4.39,
ARCO,"302 W First St, Santa Ana, CA",$4.39,
Chevron,"801 N Bristol St, Santa Ana, CA",$4.69,
D & L Gas,"1620 N Broadway, Santa Ana, CA",$3.79,
ARCO,"220 W 17th St, Santa Ana, CA",$3.75,
World,"1702 N Broadway, Santa Ana, CA",$3.69,
Chevron,"400 E 17th St, Santa Ana, CA",$4.59,
G&M,"1904 W 1st St, Santa Ana, CA",$3.99,
76,"617 E 17th St, Santa Ana, CA",$4.49,
ARCO,"1131 S Main St, Santa Ana, CA",$3.89,
Chevron,"1104 S Bristol St, Santa Ana, CA",$4.79,
Chevron,"401 N Grand Ave, Santa Ana, CA",$4.69,
ARCO,"1222 E First St, Santa Ana, CA",N/A,
Stars & Stripes Travel Center,"1465 S Main St, Santa Ana, CA",$3.79,
Chevron,"1501 S Broadway, Santa Ana, CA",$4.69,
Shell,"2641 N Bristol St, Santa Ana, CA",$4.59,
Mobil,"2702 W 1st St, Santa Ana, CA",$4.69,
ARCO,"2646 W 1st St, Santa Ana, CA",N/A,
G&M,"2302 N Grand Ave, Santa Ana, CA",$4.19,
Mobil,"2231 N Grand Ave, Santa Ana, CA",$4.39,
76,"1913 W Edinger Ave, Santa Ana, CA",$4.38,
Costco,"17900 Newhope St, Fountain Valley, CA",$3.79,
Mobil,"16230 S Harbor Blvd, Fountain Valley, CA",$4.59,
76,"11470 Edinger Ave, Fountain Valley, CA",N/A,
ARCO,"10975 Edinger Ave, Fountain Valley, CA",$3.73,
Chevron,"10020 Warner Ave, Fountain Valley, CA",$4.85,
Shell,"16969 Brookhurst St, Fountain Valley, CA",$4.39,
ARCO,"17520 Brookhurst St, Fountain Valley, CA",$4.37,
Sam's Club,"17099 Brookhurst St, Fountain Valley, CA",$3.79,
ARCO,"17475 Brookhurst St, Fountain Valley, CA",$4.47,
ARCO,"2721 W Edinger Ave, Santa Ana, CA",$3.81,
Circle K,"17966 Brookhurst St, Fountain Valley, CA",$4.19,
Chevron,"702 S Harbor Blvd, Santa Ana, CA",$4.35,
Berri Brothers,"17971 Brookhurst St, Fountain Valley, CA",$4.09,
Shell,"3820 S Fairview St, Santa Ana, CA",$4.49,
Mobil,"3470 S Fairview St, Costa Mesa, CA",$4.45,
ARCO,"3201 Harbor Blvd, Costa Mesa, CA",$3.99,
Speedway Express,"2730 W McFadden Ave, Santa Ana, CA",$3.83,
Chevron,"3190 Harbor Blvd, Costa Mesa, CA",$4.79,
ARCO,"18480 Brookhurst St, Fountain Valley, CA",$4.05,
Speedway Express,"18520 Brookhurst St, Fountain Valley, CA",$4.05,
7-Eleven,"1700 E Dyer Rd, Santa Ana, CA",$4.05,
Shell,"1501 E Edinger Ave, Santa Ana, CA",N/A,
Speedway Express,"1539 S Standard Ave, Santa Ana, CA",$3.79,
Mobil,"1502 E Edinger Ave, Santa Ana, CA",$4.69,
Mobil,"1351 E Dyer Rd, Santa Ana, CA",$4.59,
Shell,"710 E Dyer Rd, Santa Ana, CA",$4.79,
Shell,"1501 E Edinger Ave, Santa Ana, CA",$4.67,
ARCO,"1727 E Dyer Rd, Santa Ana, CA",$4.09,
Chevron,"2603 S Main St, Santa Ana, CA",$4.55,
Stars & Stripes Travel Center,"1465 S Main St, Santa Ana, CA",$3.79,
Chevron,"1501 S Broadway, Santa Ana, CA",$4.69,
ARCO,"1131 S Main St, Santa Ana, CA",$3.89,
76,"1001 E Edinger Ave, Tustin, CA",$4.47,
Shell,"2120 McFadden Ave, Santa Ana, CA",N/A,
ARCO,"3414 S Main St, Santa Ana, CA",$4.39,
Alliance,"16851 E McFadden Ave, Tustin, CA",$3.97,
Mobil,"100 W MacArthur Blvd, Santa Ana, CA",$4.59,
Mobil,"17551 MacArthur Blvd, Irvine, CA",$4.59,
Chevron,"17561 MacArthur Blvd, Irvine, CA",$4.89,
ARCO,"1222 E First St, Santa Ana, CA",N/A,
Sinclair,"14391 Newport Ave, Tustin, CA",$3.89,
Berri Brothers,"14501 Red Hill Ave, Tustin, CA",$3.87,
Arco TopTier Gas,"14244 Newport Ave, Tustin, CA",$3.89,
ARCO,"14231 Red Hill Ave, Tustin, CA",$4.07,
Alliance,"16851 E McFadden Ave, Tustin, CA",$3.97,
Shell,"14121 Newport Ave, Tustin, CA",$4.19,
Mobil,"13872 Red Hill Ave, Tustin, CA",$4.39,
Shell,"395 W 1st St, Tustin, CA",$4.39,
Shell,"13891 Red Hill Ave, Tustin, CA",$4.39,
Shell,"17241 Irvine Blvd, Tustin, CA",$4.35,
76,"1001 E Edinger Ave, Tustin, CA",$4.47,
76,"3017 Edinger Ave, Tustin, CA",$4.49,
Chevron,"13561 Newport Ave, Tustin, CA",$4.69,
Chevron,"17241 E 17th St, Tustin, CA",$4.79,
Chevron,"325 N Tustin Ave, Santa Ana, CA",$4.95,
76,"17280 E 17th St, Tustin, CA",N/A,
SC Fuels,"13922 Newport Ave, Tustin, CA",N/A,
Chevron,"14082 Red Hill Ave, Tustin, CA",N/A,
ARCO,"14231 Red Hill Ave, Tustin, CA",$4.07,
Shell,"14121 Newport Ave, Tustin, CA",$4.19,
Mobil,"13872 Red Hill Ave, Tustin, CA",$4.39,
Sinclair,"14391 Newport Ave, Tustin, CA",$3.89,
SC Fuels,"13922 Newport Ave, Tustin, CA",N/A,
Shell,"395 W 1st St, Tustin, CA",$4.39,
Chevron,"14082 Red Hill Ave, Tustin, CA",N/A,
Shell,"13891 Red Hill Ave, Tustin, CA",$4.39,
Berri Brothers,"14501 Red Hill Ave, Tustin, CA",$3.87,
Arco TopTier Gas,"14244 Newport Ave, Tustin, CA",$3.89,
Chevron,"13561 Newport Ave, Tustin, CA",$4.69,
Alliance,"16851 E McFadden Ave, Tustin, CA",$3.97,
Shell,"2120 McFadden Ave, Santa Ana, CA",N/A,
Shell,"17241 Irvine Blvd, Tustin, CA",$4.35,
76,"1001 E Edinger Ave, Tustin, CA",$4.47,
Chevron,"325 N Tustin Ave, Santa Ana, CA",$4.95,
US Gas,"401 N Tustin Ave, Santa Ana, CA",$3.95,
Ezy Gas,"320 N Tustin Ave, Santa Ana, CA",$3.95,
Costco,"2655 El Camino Real, Tustin, CA",$3.99,
Chevron,"2740 Bryan Ave, Tustin, CA",$4.89,
Costco,"2655 El Camino Real, Tustin, CA",$3.99,
Shell,"13131 Jamboree Rd, Tustin, CA",$4.65,
Chevron,"2740 Bryan Ave, Tustin, CA",$4.89,
Speedway,"735 Ohio Pike, Withamsville, OH",$2.99,
United Dairy Farmers,"711 Ohio Pike, Withamsville, OH",$2.75,
Shell,"653 Ohio Pike, Withamsville, OH",$2.79,
BP,"543 Ohio Pike, Withamsville, OH",$2.99,
Circle K,"902 Ohio Pike, Withamsville, OH",$2.99,
Speedway,"570 Ohio Pike, Withamsville, OH",$2.55,
Sunoco,"533 Ohio Pike, Withamsville, OH",$2.49,
Withamsville Food Mart,"979 Ohio Pike, Withamsville, OH",$2.75,
Marathon,"983 Ohio Pike, Withamsville, OH",$2.75,
Kroger,"450 Ohio Pike, Cincinnati, OH",$2.61,
Marathon,"4248 Mount Carmel Tobasco Rd, Mount Carmel, OH",$2.59,
Shell,"4261 Mount Carmel Tobasco Rd, Mount Carmel, OH",$2.69,
Circle K,"1114 W Ohio Pike, Amelia, OH",$2.89,
Sam's Club,"815 Clepper Ln, Cincinnati, OH",$2.54,
Speedway,"8352 Beechmont Ave, Cincinnati, OH",$2.99,
Amelia Fuel,"1145 W Ohio Pike, Amelia, OH",$2.59,
Meijer,"888 Eastgate N Dr, Cincinnati, OH",$2.68,
United Dairy Farmers,"2010 Eight Mile Rd, Cincinnati, OH",$2.59,
Marathon,"8345 Clough Pk, Cincinnati, OH",$2.59,
BP,"1147 MARIAN DR, Batavia, OH",$2.99,
G&M,"100 N Beach Blvd, Anaheim, CA",$3.69,
Thrifty,"2811 W Lincoln Ave, Anaheim, CA",$3.75,
World,"1201 N Harbor Blvd, Anaheim, CA",$3.79,
ARCO,"2604 W La Palma Ave, Anaheim, CA",$3.89,
76,"2790 W Lincoln Ave, Anaheim, CA",$4.34,
Mobil,"1100 N Euclid St, Anaheim, CA",$4.49,
Chevron,"2175 W La Palma Ave, Anaheim, CA",$4.59,
Chevron,"1101 N Magnolia Ave, Anaheim, CA",$4.69,
76,"2585 W La Palma Ave, Anaheim, CA",$4.69,
Chevron,"700 N Brookhurst St, Anaheim, CA",$4.69,
ARCO,"1700 W La Palma Ave, Anaheim, CA",N/A,
76,"1200 N Euclid St, Anaheim, CA",N/A,
ARCO,"530 N Brookhurst St, Anaheim, CA",N/A,
SC Fuels,"1431 N Raymond Ave, Anaheim, CA",N/A,
Shell,"1198 W Ball Rd, Anaheim, CA",N/A,
Berri Brothers,"260 S Euclid St, Anaheim, CA",$3.89,
ARCO,"2101 S Harbor Blvd, Anaheim, CA",$3.89,
Mobil,"1680 W Broadway, Anaheim, CA",$4.49,
JZ Oil,"1037 W Ball Rd, Anaheim, CA",$4.77,
Chevron,"100 E Katella Ave, Anaheim, CA",$4.79,
Chevron,"2100 S Harbor Blvd, Anaheim, CA",$4.49,
ARCO,"1201 E Imperial Hwy, Placentia, CA",$3.75,
Gulf,"3300 E Imperial Hwy, Brea, CA",$3.65,
76,"2405 E Imperial Hwy, Brea, CA",N/A,
Chevron,"18121 Imperial Hwy, Yorba Linda, CA",$4.69,
Chevron,"17499 Yorba Linda Blvd, Yorba Linda, CA",$4.69,
Mobil,"17591 Yorba Linda Blvd, Yorba Linda, CA",$4.79,
ARCO,"1202 E Yorba Linda Blvd, Placentia, CA",$3.79,
ARCO,"2840 E Imperial Hwy, Fullerton, CA",$3.75,
Mobil,"2800 Imperial Hwy, Fullerton, CA",$3.97,
ARCO,"102 E Yorba Linda Blvd, Placentia, CA",$3.79,
ARCO,"3302 S Diamond Bar Blvd, Diamond Bar, CA",N/A,
Shell,"3241 S Brea Canyon Rd, Diamond Bar, CA",$4.29,
76,"1200 E Imperial Hwy, Brea, CA",$3.99,
Sinclair,"3001 Yorba Linda Blvd, Fullerton, CA",$3.79,
76,"600 N Rose Dr, Placentia, CA",$4.53,
Chevron,"2961 Yorba Linda Blvd, Fullerton, CA",$4.69,
Shell,"2960 Yorba Linda Blvd, Fullerton, CA",$4.59,
Chevron,"19751 Yorba Linda Blvd, Yorba Linda, CA",$4.79,
76,"798 N Brea Blvd, Brea, CA",N/A,
Chevron,"700 E Imperial Hwy, Brea, CA",$4.75,
ARCO,"100 S Beach Blvd, Anaheim, CA",$3.69,
Berri Brothers,"2180 W Ball Rd, Anaheim, CA",$3.71,
ARCO,"9472 Katella Ave, Anaheim, CA",$3.75,
76,"3450 W Ball Rd, Anaheim, CA",$3.89,
G&M,"300 S Brookhurst Ave, Anaheim, CA",$3.89,
VP Racing Fuels,"8971 Katella Ave, Anaheim, CA",$3.95,
ARCO,"1201 S Brookhurst St, Anaheim, CA",$3.99,
Chevron,"984 S Beach Blvd, Anaheim, CA",$4.59,
Chevron,"9225 S Brookhurst St, Anaheim, CA",$4.59,
Chevron,"10502 Magnolia Ave, Stanton, CA",$4.59,
Chevron,"3490 W Lincoln Ave, Anaheim, CA",$4.59,
Speedway Express,"304 S Magnolia Ave, Anaheim, CA",N/A,
Speedway Express,"2800 W Ball Rd, Anaheim, CA",N/A,
ARCO,"1801 S State College Blvd, Anaheim, CA",$3.85,
Excaliber Fuels,"1199 S State College Blvd, Anaheim, CA",$3.79,
ARCO,"770 N East St, Anaheim, CA",$3.85,
7-Eleven,"107 W Ball Rd, Anaheim, CA",$4.29,
Chevron,"727 S East St, Anaheim, CA",$4.69,
Shell,"601 W Ball Rd, Anaheim, CA",$4.49,
Chevron,"1200 S Harbor Blvd, Anaheim, CA",$4.49,
Exxon,"1200 N East St, Anaheim, CA",$4.69,
ARCO,"301 S Anaheim Blvd, Anaheim, CA",$5.09,
76,"1201 S State College Blvd, Anaheim, CA",N/A,
76,"805 S Harbor Blvd, Anaheim, CA",N/A,
76,"1201 E Lincoln Ave, Anaheim, CA",N/A,
ARCO,"2351 E Orangethorpe Ave, Fullerton, CA",$3.85,
ARCO,"2791 E Lincoln Ave, Anaheim, CA",$3.89,
ARCO,"3101 E La Palma Ave, Anaheim, CA",$3.85,
Food Mart,"2331 E Katella Ave, Anaheim, CA",$3.89,
ARCO,"2445 E Ball Rd, Anaheim, CA",$3.89,
G&M,"2530 E La Palma Ave, Anaheim, CA",$3.99,
Sinclair,"3125 E Orangethorpe Ave, Anaheim, CA",$4.49,
Shell,"1200 S State College Blvd, Anaheim, CA",$4.35,
Chevron,"1198 S State College Blvd, Anaheim, CA",$4.39,
Chevron,"3085 E La Palma Ave, Anaheim, CA",$4.49,
Mobil,"1200 N State College Blvd, Anaheim, CA",$4.69,
Chevron,"1000 N State College Blvd, Anaheim, CA",$4.69,
Sinclair Subway,"3080 E La Palma Ave, Anaheim, CA",$4.49,
Shell,"201 S State College Blvd, Anaheim, CA",$4.69,
Mobil,"2500 E Lincoln Ave, Anaheim, CA",$4.59,
OSK Gas,"2800 E Lincoln Ave, Anaheim, CA",N/A,
Chevron,"3901 E Riverdale Ave, Anaheim, CA",$4.59,
Shell,"5650 E La Palma Ave, Anaheim, CA",$4.49,
Mobil,"400 N Lakeview Ave, Anaheim, CA",$4.59,
Shell,"400 S Anaheim Hills Rd, Anaheim, CA",$4.59,
76,"3731 E La Palma Ave, Anaheim, CA",$4.63,
76,"945 N Weir Canyon Rd, Anaheim, CA",N/A,
Mobil,"741 S Weir Canyon Rd, Anaheim, CA",$4.55,
Shell,"8275 E Santa Ana Cyn Rd, OrangeCounty, CA",$4.55,
Chevron,"8000 E Santa Ana Canyon Rd, OrangeCounty, CA",$4.79,
ARCO,"1700 W La Palma Ave, Anaheim, CA",N/A,
76,"1200 N Euclid St, Anaheim, CA",N/A,
Mobil,"1100 N Euclid St, Anaheim, CA",$4.49,
Mobil,"1680 W Broadway, Anaheim, CA",$4.49,
Berri Brothers,"260 S Euclid St, Anaheim, CA",$3.89,
World,"1201 N Harbor Blvd, Anaheim, CA",$3.79,
Chevron,"944 W Orangethorpe Ave, Fullerton, CA",$4.59,
ARCO,"530 N Brookhurst St, Anaheim, CA",N/A,
7-Eleven,"1000 W Orangethorpe Ave, Fullerton, CA",$4.09,
Shell,"1625 S Harbor Blvd, Fullerton, CA",$4.41,
Chevron,"700 N Brookhurst St, Anaheim, CA",$4.69,
Chevron,"2175 W La Palma Ave, Anaheim, CA",$4.59,
Chevron,"9225 S Brookhurst St, Anaheim, CA",$4.59,
G&M,"300 S Brookhurst Ave, Anaheim, CA",$3.89,
ARCO,"301 S Anaheim Blvd, Anaheim, CA",$5.09,
Chevron,"1730 W Orangethorpe Ave, Fullerton, CA",N/A,
Shell,"1800 W Orangethorpe Ave, Fullerton, CA",$4.59,
Costco,"910 S Harbor Blvd, Fullerton, CA",$3.95,
ARCO,"1000 W Valencia Dr, Fullerton, CA",$4.19,
76,"805 S Harbor Blvd, Anaheim, CA",N/A,
76,"1801 E Orangethorpe Ave, Placentia, CA",$4.53,
Nickey Petroleum Company Inc.,"975 S Lakeview Ave, Placentia, CA",$3.99,
76,"600 N Rose Dr, Placentia, CA",$4.53,
76,"3731 E La Palma Ave, Anaheim, CA",$4.63,
Mobil,"400 N Lakeview Ave, Anaheim, CA",$4.59,
Chevron,"3901 E Riverdale Ave, Anaheim, CA",$4.59,
Mobil,"17591 Yorba Linda Blvd, Yorba Linda, CA",$4.79,
Chevron,"17499 Yorba Linda Blvd, Yorba Linda, CA",$4.69,
ARCO,"1202 E Yorba Linda Blvd, Placentia, CA",$3.79,
Sinclair,"3125 E Orangethorpe Ave, Anaheim, CA",$4.49,
76,"801 S Kraemer Blvd, Placentia, CA",$4.53,
ARCO,"3101 E La Palma Ave, Anaheim, CA",$3.85,
Chevron,"18121 Imperial Hwy, Yorba Linda, CA",$4.69,
Chevron,"3085 E La Palma Ave, Anaheim, CA",$4.49,
Sinclair Subway,"3080 E La Palma Ave, Anaheim, CA",$4.49,
Chevron,"2844 N Santiago Blvd, Orange, CA",$4.59,
76,"2756 N Tustin St, Orange, CA",$4.43,
Mobil,"2700 N Santiago Blvd, Orange, CA",$4.49,
Shell,"5650 E La Palma Ave, Anaheim, CA",$4.49,
ARCO,"102 E Yorba Linda Blvd, Placentia, CA",$3.79,
JZ Oil,"1037 W Ball Rd, Anaheim, CA",$4.77,
Shell,"1198 W Ball Rd, Anaheim, CA",N/A,
76,"805 S Harbor Blvd, Anaheim, CA",N/A,
Shell,"601 W Ball Rd, Anaheim, CA",$4.49,
Chevron,"1200 S Harbor Blvd, Anaheim, CA",$4.49,
Mobil,"1680 W Broadway, Anaheim, CA",$4.49,
7-Eleven,"107 W Ball Rd, Anaheim, CA",$4.29,
Berri Brothers,"260 S Euclid St, Anaheim, CA",$3.89,
ARCO,"301 S Anaheim Blvd, Anaheim, CA",$5.09,
Chevron,"10972 Katella Ave, Anaheim, CA",$4.69,
Chevron,"100 E Katella Ave, Anaheim, CA",$4.79,
ARCO,"2101 S Harbor Blvd, Anaheim, CA",$3.89,
Chevron,"2100 S Harbor Blvd, Anaheim, CA",$4.49,
Chevron,"727 S East St, Anaheim, CA",$4.69,
Berri Brothers,"2180 W Ball Rd, Anaheim, CA",$3.71,
ARCO,"1201 S Brookhurst St, Anaheim, CA",$3.99,
G&M,"300 S Brookhurst Ave, Anaheim, CA",$3.89,
Chevron,"9225 S Brookhurst St, Anaheim, CA",$4.59,
76,"1201 E Lincoln Ave, Anaheim, CA",N/A,
Shell,"10971 Chapman Ave, Garden Grove, CA",$4.27,
Chevron,"9225 S Brookhurst St, Anaheim, CA",$4.59,
ARCO,"1201 S Brookhurst St, Anaheim, CA",$3.99,
Berri Brothers,"2180 W Ball Rd, Anaheim, CA",$3.71,
G&M,"300 S Brookhurst Ave, Anaheim, CA",$3.89,
Chevron,"10502 Magnolia Ave, Stanton, CA",$4.59,
ARCO,"9472 Katella Ave, Anaheim, CA",$3.75,
Speedway Express,"304 S Magnolia Ave, Anaheim, CA",N/A,
VP Racing Fuels,"8971 Katella Ave, Anaheim, CA",$3.95,
Mobil,"1680 W Broadway, Anaheim, CA",$4.49,
Speedway Express,"2800 W Ball Rd, Anaheim, CA",N/A,
Berri Brothers,"260 S Euclid St, Anaheim, CA",$3.89,
Chevron,"10972 Katella Ave, Anaheim, CA",$4.69,
ARCO,"530 N Brookhurst St, Anaheim, CA",N/A,
Chevron,"700 N Brookhurst St, Anaheim, CA",$4.69,
United Petroleum,"8505 Katella Ave, Stanton, CA",N/A,
G&M,"8472 Katella Ave, Stanton, CA",$3.99,
76,"2790 W Lincoln Ave, Anaheim, CA",$4.34,
Thrifty,"2811 W Lincoln Ave, Anaheim, CA",$3.75,
Chevron,"984 S Beach Blvd, Anaheim, CA",$4.59,
Shell,"1198 W Ball Rd, Anaheim, CA",N/A,
United Dairy Farmers,"1374 OH-125, Amelia, OH",$2.76,
Speedway,"51 W Main St, Amelia, OH",$2.99,
Kroger,"262 W Main St, Amelia, OH",$2.99,
Marathon,"1723 E Ohio Pike, Amelia, OH",N/A,
Sunoco,"1271 Ohio Pike, Amelia, OH",$2.79,
Casey's,"1779 State Route 125, Amelia, OH",$2.99,
United Dairy Farmers,"1788 E Ohio Pike, Amelia, OH",$2.76,
Murphy USA,"1815 State Route 125, Amelia, OH",$2.73,
Amelia Fuel,"1145 W Ohio Pike, Amelia, OH",$2.59,
Circle K,"1114 W Ohio Pike, Amelia, OH",$2.89,
Marathon,"983 Ohio Pike, Withamsville, OH",$2.75,
Withamsville Food Mart,"979 Ohio Pike, Withamsville, OH",$2.75,
United Dairy Farmers,"130 E Main St, Batavia, OH",$2.67,
Sunoco,"520 W Main St, Batavia, OH",$2.79,
Circle K,"902 Ohio Pike, Withamsville, OH",$2.99,
BP,"4428 Olive Branch-Stonelick Rd, Batavia, OH",$2.59,
Speedway,"1269 Old OH-74, Batavia, OH",$2.99,
Marathon,"2203 OH-125, Amelia, OH",$2.75,
Marathon,"1717 OH-749, Amelia, OH",$2.99,
BP,"1147 MARIAN DR, Batavia, OH",$2.99,
Mobil,"2500 E Lincoln Ave, Anaheim, CA",$4.59,
Chevron,"1000 N State College Blvd, Anaheim, CA",$4.69,
Mobil,"1200 N State College Blvd, Anaheim, CA",$4.69,
G&M,"2530 E La Palma Ave, Anaheim, CA",$3.99,
ARCO,"2791 E Lincoln Ave, Anaheim, CA",$3.89,
Shell,"201 S State College Blvd, Anaheim, CA",$4.69,
OSK Gas,"2800 E Lincoln Ave, Anaheim, CA",N/A,
76,"1201 E Lincoln Ave, Anaheim, CA",N/A,
Chevron,"727 S East St, Anaheim, CA",$4.69,
ARCO,"770 N East St, Anaheim, CA",$3.85,
ARCO,"2351 E Orangethorpe Ave, Fullerton, CA",$3.85,
Exxon,"1200 N East St, Anaheim, CA",$4.69,
7-Eleven,"818 W Orangethorpe Ave, Placentia, CA",$3.93,
Chevron,"1198 S State College Blvd, Anaheim, CA",$4.39,
ARCO,"2445 E Ball Rd, Anaheim, CA",$3.89,
Excaliber Fuels,"1199 S State College Blvd, Anaheim, CA",$3.79,
76,"1201 S State College Blvd, Anaheim, CA",N/A,
Shell,"1200 S State College Blvd, Anaheim, CA",$4.35,
ARCO,"301 S Anaheim Blvd, Anaheim, CA",$5.09,
SC Fuels,"1431 N Raymond Ave, Anaheim, CA",N/A,
76,"19851 Esperanza Rd, Yorba Linda, CA",$4.49,
Shell,"5650 E La Palma Ave, Anaheim, CA",$4.49,
Shell,"400 S Anaheim Hills Rd, Anaheim, CA",$4.59,
Mobil,"400 N Lakeview Ave, Anaheim, CA",$4.59,
Nickey Petroleum Company Inc.,"975 S Lakeview Ave, Placentia, CA",$3.99,
76,"1801 E Orangethorpe Ave, Placentia, CA",$4.53,
Chevron,"3901 E Riverdale Ave, Anaheim, CA",$4.59,
76,"3731 E La Palma Ave, Anaheim, CA",$4.63,
Chevron,"19751 Yorba Linda Blvd, Yorba Linda, CA",$4.79,
Chevron,"2844 N Santiago Blvd, Orange, CA",$4.59,
Chevron,"8000 E Santa Ana Canyon Rd, OrangeCounty, CA",$4.79,
Mobil,"2700 N Santiago Blvd, Orange, CA",$4.49,
Shell,"2640 N Santiago Blvd, Orange, CA",$4.57,
76,"2756 N Tustin St, Orange, CA",$4.43,
Speedway Express,"2493 N Tustin St, Orange, CA",$3.69,
ARCO,"2490 N Tustin St, Orange, CA",$3.79,
Mobil,"21440 Yorba Linda Blvd, Yorba Linda, CA",$4.55,
76,"945 N Weir Canyon Rd, Anaheim, CA",N/A,
Chevron,"18121 Imperial Hwy, Yorba Linda, CA",$4.69,
Shell,"8275 E Santa Ana Cyn Rd, OrangeCounty, CA",$4.55,
Speedway Express,"718 S Brea Blvd, Brea, CA",$3.89,
Speedway Express,"120 E Imperial Hwy, Brea, CA",$3.95,
Chevron,"700 E Imperial Hwy, Brea, CA",$4.75,
Shell,"365 W Central Ave, Brea, CA",$4.45,
76,"798 N Brea Blvd, Brea, CA",N/A,
76,"2405 E Imperial Hwy, Brea, CA",N/A,
76,"1203 W Lambert Rd, Brea, CA",N/A,
ARCO,"2840 E Imperial Hwy, Fullerton, CA",$3.75,
Chevron,"700 E Imperial Hwy, Brea, CA",$4.75,
76,"1200 E Imperial Hwy, Brea, CA",$3.99,
Mobil,"2800 Imperial Hwy, Fullerton, CA",$3.97,
Speedway Express,"120 E Imperial Hwy, Brea, CA",$3.95,
76,"798 N Brea Blvd, Brea, CA",N/A,
Shell,"365 W Central Ave, Brea, CA",$4.45,
Speedway Express,"718 S Brea Blvd, Brea, CA",$3.89,
76,"2405 E Imperial Hwy, Brea, CA",N/A,
76,"1203 W Lambert Rd, Brea, CA",N/A,
76,"2701 Brea Blvd, Fullerton, CA",N/A,
Mobil,"2601 Yorba Linda Blvd, Fullerton, CA",$4.49,
Chevron,"2961 Yorba Linda Blvd, Fullerton, CA",$4.69,
Sinclair,"3001 Yorba Linda Blvd, Fullerton, CA",$3.79,
Shell,"2960 Yorba Linda Blvd, Fullerton, CA",$4.59,
Gulf,"3300 E Imperial Hwy, Brea, CA",$3.65,
ARCO,"1401 E Lambert Rd, La Habra, CA",$3.89,
Mobil,"3950 N Harbor Blvd, Fullerton, CA",$4.59,
ARCO,"102 E Yorba Linda Blvd, Placentia, CA",$3.79,
Chevron,"110 S Harbor Blvd, La Habra, CA",$4.69,
Gulf,"3300 E Imperial Hwy, Brea, CA",$3.65,
ARCO,"301 S Anaheim Blvd, Anaheim, CA",$5.09,
76,"805 S Harbor Blvd, Anaheim, CA",N/A,
Chevron,"727 S East St, Anaheim, CA",$4.69,
76,"1201 E Lincoln Ave, Anaheim, CA",N/A,
ARCO,"770 N East St, Anaheim, CA",$3.85,
Exxon,"1200 N East St, Anaheim, CA",$4.69,
Shell,"601 W Ball Rd, Anaheim, CA",$4.49,
7-Eleven,"107 W Ball Rd, Anaheim, CA",$4.29,
World,"1201 N Harbor Blvd, Anaheim, CA",$3.79,
JZ Oil,"1037 W Ball Rd, Anaheim, CA",$4.77,
Chevron,"1200 S Harbor Blvd, Anaheim, CA",$4.49,
Shell,"201 S State College Blvd, Anaheim, CA",$4.69,
SC Fuels,"1431 N Raymond Ave, Anaheim, CA",N/A,
Shell,"1625 S Harbor Blvd, Fullerton, CA",$4.41,
Shell,"1198 W Ball Rd, Anaheim, CA",N/A,
Chevron,"1000 N State College Blvd, Anaheim, CA",$4.69,
Mobil,"1680 W Broadway, Anaheim, CA",$4.49,
Berri Brothers,"260 S Euclid St, Anaheim, CA",$3.89,
ARCO,"1202 E Orangethorpe Ave, Fullerton, CA",$3.79,
Chevron,"1201 E Orangethorpe Ave, Fullerton, CA",$4.69,
Sinclair,"3001 Yorba Linda Blvd, Fullerton, CA",$3.79,
ARCO,"1202 E Orangethorpe Ave, Fullerton, CA",$3.79,
FUEL UP!,"1124 E Chapman Ave, Fullerton, CA",$3.89,
Sam's Club,"603 S Placentia Ave, Fullerton, CA",$3.93,
SMP Energy,"1133 E Commonwealth Ave, Fullerton, CA",$3.95,
Mobil,"2601 Yorba Linda Blvd, Fullerton, CA",$4.49,
Shell,"2960 Yorba Linda Blvd, Fullerton, CA",$4.59,
Chevron,"2961 Yorba Linda Blvd, Fullerton, CA",$4.69,
Chevron,"1201 E Orangethorpe Ave, Fullerton, CA",$4.69,
Mobil,"506 N State College Blvd, Fullerton, CA",$4.79,
ARCO,"401 N Placentia Ave, Fullerton, CA",N/A,
World,"901 N Placentia Ave, Fullerton, CA",N/A,
Sinclair,"351 N Placentia Ave, Fullerton, CA",N/A,
Chevron,"2950 Nutwood Ave, Fullerton, CA",N/A,
Ralphs,"1001 N Harbor Blvd, Fullerton, CA",$3.89,
Costco,"910 S Harbor Blvd, Fullerton, CA",$3.95,
Chevron,"519 S Harbor Blvd, Fullerton, CA",$4.45,
Shell,"1625 S Harbor Blvd, Fullerton, CA",$4.41,
Chevron,"944 W Orangethorpe Ave, Fullerton, CA",$4.59,
ARCO,"1000 N Harbor Blvd, Fullerton, CA",N/A,
Sinclair,"1101 W Commonwealth Ave, Fullerton, CA",$3.68,
7-Eleven,"1000 W Orangethorpe Ave, Fullerton, CA",$4.09,
ARCO,"1000 W Valencia Dr, Fullerton, CA",$4.19,
76,"2043 W Commonwealth Ave, Fullerton, CA",$4.39,
Shell,"2211 W Malvern Ave, Fullerton, CA",$4.59,
Shell,"1800 W Orangethorpe Ave, Fullerton, CA",$4.59,
Chevron,"1730 W Orangethorpe Ave, Fullerton, CA",N/A,
ARCO,"401 N Placentia Ave, Fullerton, CA",N/A,
Chevron,"2961 Yorba Linda Blvd, Fullerton, CA",$4.69,
Shell,"2960 Yorba Linda Blvd, Fullerton, CA",$4.59,
Mobil,"506 N State College Blvd, Fullerton, CA",$4.79,
Mobil,"2601 Yorba Linda Blvd, Fullerton, CA",$4.49,
Chevron,"2950 Nutwood Ave, Fullerton, CA",N/A,
World,"901 N Placentia Ave, Fullerton, CA",N/A,
Sinclair,"351 N Placentia Ave, Fullerton, CA",N/A,
Sinclair,"3001 Yorba Linda Blvd, Fullerton, CA",$3.79,
Metro Fuel,"120 S Placentia Ave, Placentia, CA",$3.69,
ARCO,"102 E Yorba Linda Blvd, Placentia, CA",$3.79,
Sam's Club,"603 S Placentia Ave, Fullerton, CA",$3.93,
76,"480 S Placentia Ave, Placentia, CA",N/A,
Chevron,"313 W Orangethorpe Ave, Placentia, CA",$4.69,
7-Eleven,"818 W Orangethorpe Ave, Placentia, CA",$3.93,
ARCO,"2351 E Orangethorpe Ave, Fullerton, CA",$3.85,
FUEL UP!,"1124 E Chapman Ave, Fullerton, CA",$3.89,
Sinclair,"3125 E Orangethorpe Ave, Anaheim, CA",$4.49,
SMP Energy,"1133 E Commonwealth Ave, Fullerton, CA",$3.95,
76,"801 S Kraemer Blvd, Placentia, CA",$4.53,
ARCO,"2840 E Imperial Hwy, Fullerton, CA",$3.75,
76,"1200 E Imperial Hwy, Brea, CA",$3.99,
76,"100 W Bastanchury Rd, Fullerton, CA",$4.59,
Mobil,"2800 Imperial Hwy, Fullerton, CA",$3.97,
76,"2701 Brea Blvd, Fullerton, CA",N/A,
Murphy USA,"2759 Beaver Run Blvd, Surfside Beach, SC",$2.51,
7-Eleven,"1401 Coventry Rd, Surfside Beach, SC",$2.55,
Murphy Express,"8737 Hwy. 17 Bypass, Surfside Beach, SC",$2.51,
Mobil,"100 N Strand Pkwy, Socastee, SC",$2.59,
Speedway,"2355 SC-544, Surfside Beach, SC",$2.54,
Speedway,"3288 Holmestown Rd, Socastee, SC",$2.55,
Circle K,"2591 Glenns Bay Rd, Surfside Beach, SC",$2.47,
Exxon,"1272 SC-544, Surfside Beach, SC",$2.59,
Shell,"1300 US-17 Business, Surfside Beach, SC",$2.57,
Circle K,"501 US-17 Bus N, Surfside Beach, SC",$2.45,
7-Eleven,"7525 SC-707, Myrtle Beach, SC",$2.45,
Circle K,"7409 SC-707, Myrtle Beach, SC",$2.31,
Murphy Express,"199 Maryport Dr., Surfside Beach, SC",$2.49,
Refuel,"1051 Green Teal Dr, Myrtle Beach, SC",$2.79,
Circle K,"5600 US-17 Business, Myrtle Beach, SC",$2.27,
Speedway,"6222 SC-707, Socastee, SC",$2.47,
Shell,"6151 SC-707, Socastee, SC",$2.45,
Circle K,"4700 Holmestown Rd, Socastee, SC",$2.44,
Shell,"3800 Palmetto Point Blvd, Socastee, SC",$2.91,
Mobil,"9600 SC-707, Socastee, SC",$2.59,
Shell,"2211 W Malvern Ave, Fullerton, CA",$4.59,
Shell,"1800 W Orangethorpe Ave, Fullerton, CA",$4.59,
Chevron,"1730 W Orangethorpe Ave, Fullerton, CA",N/A,
76,"2043 W Commonwealth Ave, Fullerton, CA",$4.39,
Sinclair,"1101 W Commonwealth Ave, Fullerton, CA",$3.68,
ARCO,"1000 W Valencia Dr, Fullerton, CA",$4.19,
Mobil,"8991 Orangethorpe Ave, Buena Park, CA",N/A,
7-Eleven,"1000 W Orangethorpe Ave, Fullerton, CA",$4.09,
Chevron,"944 W Orangethorpe Ave, Fullerton, CA",$4.59,
Chevron,"2175 W La Palma Ave, Anaheim, CA",$4.59,
76,"1200 N Euclid St, Anaheim, CA",N/A,
76,"2585 W La Palma Ave, Anaheim, CA",$4.69,
Chevron,"1101 N Magnolia Ave, Anaheim, CA",$4.69,
ARCO,"2604 W La Palma Ave, Anaheim, CA",$3.89,
Mobil,"1100 N Euclid St, Anaheim, CA",$4.49,
ARCO,"1700 W La Palma Ave, Anaheim, CA",N/A,
Chevron,"700 N Brookhurst St, Anaheim, CA",$4.69,
ARCO,"530 N Brookhurst St, Anaheim, CA",N/A,
Chevron,"519 S Harbor Blvd, Fullerton, CA",$4.45,
Chevron,"6392 Beach Blvd, Buena Park, CA",$4.49,
ARCO,"401 N Placentia Ave, Fullerton, CA",N/A,
Mobil,"506 N State College Blvd, Fullerton, CA",$4.79,
Sinclair,"351 N Placentia Ave, Fullerton, CA",N/A,
Chevron,"2950 Nutwood Ave, Fullerton, CA",N/A,
World,"901 N Placentia Ave, Fullerton, CA",N/A,
Sam's Club,"603 S Placentia Ave, Fullerton, CA",$3.93,
Metro Fuel,"120 S Placentia Ave, Placentia, CA",$3.69,
76,"480 S Placentia Ave, Placentia, CA",N/A,
Mobil,"2601 Yorba Linda Blvd, Fullerton, CA",$4.49,
ARCO,"2351 E Orangethorpe Ave, Fullerton, CA",$3.85,
FUEL UP!,"1124 E Chapman Ave, Fullerton, CA",$3.89,
SMP Energy,"1133 E Commonwealth Ave, Fullerton, CA",$3.95,
Chevron,"2961 Yorba Linda Blvd, Fullerton, CA",$4.69,
7-Eleven,"818 W Orangethorpe Ave, Placentia, CA",$3.93,
Chevron,"313 W Orangethorpe Ave, Placentia, CA",$4.69,
Shell,"2960 Yorba Linda Blvd, Fullerton, CA",$4.59,
Sinclair,"3001 Yorba Linda Blvd, Fullerton, CA",$3.79,
Chevron,"1201 E Orangethorpe Ave, Fullerton, CA",$4.69,
ARCO,"1202 E Orangethorpe Ave, Fullerton, CA",$3.79,
ARCO,"102 E Yorba Linda Blvd, Placentia, CA",$3.79,
ARCO,"12931 Garden Grove Blvd, Garden Grove, CA",$3.99,
Shell,"10971 Chapman Ave, Garden Grove, CA",$4.27,
Chevron,"10972 Katella Ave, Anaheim, CA",$4.69,
Chevron,"12012 Brookhurst St, Garden Grove, CA",$4.50,
PS Fuel,"12491 Haster St, Garden Grove, CA",N/A,
Mobil,"11962 Brookhurst St, Garden Grove, CA",N/A,
Shell,"12161 Garden Grove Blvd, Garden Grove, CA",N/A,
76,"13002 Chapman Ave, Garden Grove, CA",N/A,
Berri Brothers,"8221 Garden Grove Blvd, Garden Grove, CA",$3.95,
76,"12493 Beach Blvd, Stanton, CA",$4.59,
76,"12512 Knott St, Garden Grove, CA",N/A,
Shell,"12161 Garden Grove Blvd, Garden Grove, CA",N/A,
ARCO,"2101 S Harbor Blvd, Anaheim, CA",$3.89,
PS Fuel,"12491 Haster St, Garden Grove, CA",N/A,
ARCO,"13361 Harbor Blvd, Garden Grove, CA",$3.79,
Chevron,"2100 S Harbor Blvd, Anaheim, CA",$4.49,
Chevron,"13321 Harbor Blvd, Garden Grove, CA",N/A,
76,"13002 Chapman Ave, Garden Grove, CA",N/A,
Shell,"10971 Chapman Ave, Garden Grove, CA",$4.27,
Shell,"13501 Harbor Blvd, Garden Grove, CA",$4.45,
ARCO,"12931 Garden Grove Blvd, Garden Grove, CA",$3.99,
Costco,"11000 Garden Grove Blvd, Garden Grove, CA",$3.79,
ARCO,"13331 Euclid St, Garden Grove, CA",N/A,
Anthem Oil,"13152 Garden Grove Blvd, Garden Grove, CA",$3.89,
7-Eleven,"13472 Euclid St, Garden Grove, CA",$3.85,
ARCO,"13511 Euclid St, Garden Grove, CA",$3.69,
Chevron,"4105 W Chapman Ave, Orange, CA",$4.59,
Shell,"13642 Euclid St, Garden Grove, CA",$4.59,
76,"13960 Harbor Blvd, Garden Grove, CA",$4.47,
Chevron,"2261 N Fairview St, Santa Ana, CA",N/A,
Chevron,"100 E Katella Ave, Anaheim, CA",$4.79,
ARCO,"13511 Euclid St, Garden Grove, CA",$3.69,
Costco,"11000 Garden Grove Blvd, Garden Grove, CA",$3.79,
ARCO,"13361 Harbor Blvd, Garden Grove, CA",$3.79,
7-Eleven,"13472 Euclid St, Garden Grove, CA",$3.85,
Anthem Oil,"13152 Garden Grove Blvd, Garden Grove, CA",$3.89,
ARCO,"13482 Brookhurst St, Garden Grove, CA",$3.89,
Shell,"13501 Harbor Blvd, Garden Grove, CA",$4.45,
Shell,"13202 Brookhurst St, Garden Grove, CA",$4.41,
76,"13960 Harbor Blvd, Garden Grove, CA",$4.47,
Shell,"13642 Euclid St, Garden Grove, CA",$4.59,
ARCO,"13331 Euclid St, Garden Grove, CA",N/A,
Chevron,"10521 Bolsa Ave, Garden Grove, CA",N/A,
ARCO,"10602 Westminster Ave, Garden Grove, CA",N/A,
Chevron,"13321 Harbor Blvd, Garden Grove, CA",N/A,
Shell,"13501 Magnolia St, Garden Grove, CA",$4.34,
Chevron,"8032 Garden Grove Blvd, Garden Grove, CA",$4.59,
Mobil,"13031 Magnolia St, Garden Grove, CA",$4.45,
Sinclair,"9011 Westminster Ave, Garden Grove, CA",N/A,
Chevron,"13681 Magnolia St, Garden Grove, CA",N/A,
Chevron,"11971 Valley View St, Garden Grove, CA",$4.59,
76,"12001 Valley View St, Garden Grove, CA",N/A,
Shell,"12571 Valley View St, Garden Grove, CA",N/A,
Mobil,"12422 Valley View St, Garden Grove, CA",N/A,
76,"12001 Valley View St, Garden Grove, CA",N/A,
Shell,"12571 Valley View St, Garden Grove, CA",N/A,
Chevron,"11971 Valley View St, Garden Grove, CA",$4.59,
Mobil,"12422 Valley View St, Garden Grove, CA",N/A,
Chevron,"5100 Katella Ave, Los Alamitos, CA",$4.53,
Costco,"5401 Katella Ave, Cypress, CA",$3.85,
76,"12512 Knott St, Garden Grove, CA",N/A,
Chevron,"5999 Cerritos Ave, Cypress, CA",$4.59,
Shell,"7051 Garden Grove Blvd, Garden Grove, CA",$4.39,
ARCO,"13142 Goldenwest St, Westminster, CA",$4.09,
Chevron,"4000 Lampson Ave, Seal Beach, CA",$4.79,
Mohsen,"5981 Westminster Blvd, Westminster, CA",$3.54,
Mobil,"6011 Ball Rd, Cypress, CA",$4.29,
7-Eleven,"13982 Bolsa Chica Rd, OrangeCounty, CA",$4.09,
Chevron,"5992 Westminster Blvd, Westminster, CA",$4.59,
G&M,"7501 Katella Ave, Stanton, CA",$3.99,
76,"5000 Westminster Blvd, Westminster, CA",N/A,
ARCO,"4988 Ball Rd, Cypress, CA",N/A,
Shell,"6311 Westminster Blvd, Westminster, CA",$4.34,
7-Eleven,"6322 Westminster Blvd, Westminster, CA",$3.55,
Marathon,"308 W Plane St, Bethel, OH",$2.79,
Speedway,"595 W Plane St, Bethel, OH",$2.99,
Sunoco,"622 West Plane St, Bethel, OH",$2.79,
Wichard Oil,"518 West Plane St, Bethel, OH",N/A,
Hudson Oil,"2598 OH-222, New Richmond, OH",N/A,
Sunoco,"2277 Ohio Pike, Amelia, OH",$2.71,
Marathon,"2203 OH-125, Amelia, OH",$2.75,
McKinney Mart,"205 W Main St, Hamersville, OH",$2.69,
Marathon,"418 E Main St, Williamsburg, OH",$2.79,
Marathon,"2328 OH-125, Hamersville, OH",N/A,
BP,"609 W MAIN ST, Williamsburg, OH",$2.79,
Boars Head Bait & Carry Out,"2818 Old OH-32, Williamsburg, OH",$2.59,
Quick Stop,"8725 OH-505, Feesburg, OH",N/A,
Marathon,"1717 OH-749, Amelia, OH",$2.99,
Sunoco,"4118 Curliss Ln, Batavia, OH",N/A,
Shell,"2098 James E Sauls Sr Dr, Batavia, OH",$2.89,
Murphy USA,"1815 State Route 125, Amelia, OH",$2.73,
Casey's,"1779 State Route 125, Amelia, OH",$2.99,
United Dairy Farmers,"1788 E Ohio Pike, Amelia, OH",$2.76,
Marathon,"1723 E Ohio Pike, Amelia, OH",N/A,
Orange Gas & Service,"2101 N Orange Olive Rd, Orange, CA",N/A,
ARCO,"2490 N Tustin St, Orange, CA",$3.79,
76,"2756 N Tustin St, Orange, CA",$4.43,
Chevron,"2844 N Santiago Blvd, Orange, CA",$4.59,
Shell,"2640 N Santiago Blvd, Orange, CA",$4.57,
Anthem Oil,"105 E Lincoln Ave, Orange, CA",$3.85,
76,"105 W Lincoln Ave, Orange, CA",$4.39,
Speedway Express,"2493 N Tustin St, Orange, CA",$3.69,
Mobil,"2700 N Santiago Blvd, Orange, CA",$4.49,
Chevron,"3901 E Riverdale Ave, Anaheim, CA",$4.59,
Shell,"1815 N Tustin St, Orange, CA",$4.46,
Chevron,"1702 N Tustin St, Orange, CA",N/A,
Sinclair Subway,"3080 E La Palma Ave, Anaheim, CA",$4.49,
ARCO,"3101 E La Palma Ave, Anaheim, CA",$3.85,
Chevron,"3085 E La Palma Ave, Anaheim, CA",$4.49,
OSK Gas,"2800 E Lincoln Ave, Anaheim, CA",N/A,
ARCO,"2791 E Lincoln Ave, Anaheim, CA",$3.89,
76,"3731 E La Palma Ave, Anaheim, CA",$4.63,
Speedway Express,"825 E Katella Ave, Orange, CA",N/A,
Mobil,"830 E Katella Ave, Orange, CA",$4.49,
76,"5344 E Chapman Ave, Orange, CA",N/A,
Mobil,"4502 E Chapman Ave, Orange, CA",N/A,
Chevron,"8544 E Chapman Ave, Orange, CA",$4.79,
Chevron,"4035 E Chapman Ave, Orange, CA",$4.69,
Valero,"3301 E Chapman Ave, Orange, CA",$4.39,
7-Eleven,"2937 E Chapman Ave, Orange, CA",$3.99,
Mobil,"2504 E Chapman Ave, Orange, CA",$4.47,
Chevron,"1940 E Katella Ave, Orange, CA",$4.59,
ARCO,"1935 E Katella Ave, Orange, CA",$3.89,
Shell,"883 N Tustin St, Orange, CA",N/A,
Shell,"1914 E Chapman Ave, Orange, CA",$4.39,
Chevron,"1702 N Tustin St, Orange, CA",N/A,
Shell,"1815 N Tustin St, Orange, CA",$4.46,
ARCO,"100 N Tustin St, Orange, CA",$3.89,
Shell,"400 S Anaheim Hills Rd, Anaheim, CA",$4.59,
ARCO,"291 S Tustin St, Orange, CA",$3.89,
76,"615 S Tustin St, Orange, CA",$3.95,
Speedway Express,"825 E Katella Ave, Orange, CA",N/A,
Mobil,"830 E Katella Ave, Orange, CA",$4.49,
Speedway Express,"2493 N Tustin St, Orange, CA",$3.69,
Esso,"11075 Creditview Rd, Brampton, ON",N/A,
Esso,"685 Remembrance Rd, Brampton, ON",N/A,
Petro-Canada,"11980 Hurontario St, Brampton, ON",N/A,
Petro-Canada,"12011 Hurontario St, Brampton, ON",N/A,
Santak Pump,"11865 Hurontario St, Brampton, ON",N/A,
Circle K,"10601 Chinguacousy Rd, Brampton, ON",N/A,
Petro-Canada,"10 Kent Rd, Brampton, ON",N/A,
Circle K,"230 Wanless Dr, Brampton, ON",N/A,
Petro-Canada,"5 Sandalwood Pkwy W, Brampton, ON",N/A,
Dost Petroleum,"13823 Hurontario St, Caledon, ON",N/A,
Mobil,"10 Brisdale Dr, Brampton, ON",N/A,
Shell,"9950 Chinguacousy Rd, Brampton, ON",N/A,
Petro-Canada,"9981 Chinguacousy Rd, Brampton, ON",N/A,
Shell,"13947 Hurontario St, Caledon, ON",N/A,
Esso,"14010 Hurontario St, Caledon, ON",N/A,
Esso,"10010 Mc Laughlin Rd N, Brampton, ON",N/A,
Canadian Tire,"10021 McLaughlin Rd, Brampton, ON",N/A,
Petro-Canada,"200 Sandalwood Pkwy E, Brampton, ON",N/A,
Pioneer,"9950 McLaughlin Rd, Brampton, ON",N/A,
Shell,"10178 Hurontario St, Brampton, ON",N/A,
Chevron,"1940 E Katella Ave, Orange, CA",$4.59,
Shell,"883 N Tustin St, Orange, CA",N/A,
Mobil,"830 E Katella Ave, Orange, CA",$4.49,
Speedway Express,"825 E Katella Ave, Orange, CA",N/A,
Chevron,"1702 N Tustin St, Orange, CA",N/A,
ARCO,"1935 E Katella Ave, Orange, CA",$3.89,
Shell,"1815 N Tustin St, Orange, CA",$4.46,
Chevron,"105 E Katella Ave, Orange, CA",$4.51,
ARCO,"100 N Tustin St, Orange, CA",$3.89,
Shell,"1914 E Chapman Ave, Orange, CA",$4.39,
ARCO,"480 N Glassell St, Orange, CA",N/A,
Mobil,"2504 E Chapman Ave, Orange, CA",$4.47,
7-Eleven,"2937 E Chapman Ave, Orange, CA",$3.99,
ARCO,"291 S Tustin St, Orange, CA",$3.89,
Orange Gas & Service,"2101 N Orange Olive Rd, Orange, CA",N/A,
Valero,"3301 E Chapman Ave, Orange, CA",$4.39,
Big E Food Mart,"890 N Batavia St, Orange, CA",N/A,
Speedway Express,"2493 N Tustin St, Orange, CA",$3.69,
ARCO,"2490 N Tustin St, Orange, CA",$3.79,
Shell,"2640 N Santiago Blvd, Orange, CA",$4.57,
Esso,"11075 Creditview Rd, Brampton, ON",N/A,
Esso,"685 Remembrance Rd, Brampton, ON",N/A,
Petro-Canada,"11980 Hurontario St, Brampton, ON",N/A,
Petro-Canada,"12011 Hurontario St, Brampton, ON",N/A,
Santak Pump,"11865 Hurontario St, Brampton, ON",N/A,
Petro-Canada,"10 Kent Rd, Brampton, ON",N/A,
Dost Petroleum,"13823 Hurontario St, Caledon, ON",N/A,
Circle K,"10601 Chinguacousy Rd, Brampton, ON",N/A,
Circle K,"230 Wanless Dr, Brampton, ON",N/A,
Shell,"13947 Hurontario St, Caledon, ON",N/A,
Esso,"14010 Hurontario St, Caledon, ON",N/A,
Petro-Canada,"5 Sandalwood Pkwy W, Brampton, ON",N/A,
Mobil,"10 Brisdale Dr, Brampton, ON",N/A,
Shell,"9950 Chinguacousy Rd, Brampton, ON",N/A,
Petro-Canada,"9981 Chinguacousy Rd, Brampton, ON",N/A,
Petro-Canada,"9980 Mississauga Rd, Brampton, ON",N/A,
Petro-Canada,"200 Sandalwood Pkwy E, Brampton, ON",N/A,
Esso,"10010 Mc Laughlin Rd N, Brampton, ON",N/A,
Canadian Tire,"10021 McLaughlin Rd, Brampton, ON",N/A,
Pioneer,"9950 McLaughlin Rd, Brampton, ON",N/A,
Speedway Express,"2493 N Tustin St, Orange, CA",$3.69,
ARCO,"2490 N Tustin St, Orange, CA",$3.79,
Anthem Oil,"105 E Lincoln Ave, Orange, CA",$3.85,
76,"105 W Lincoln Ave, Orange, CA",$4.39,
76,"2756 N Tustin St, Orange, CA",$4.43,
Shell,"1815 N Tustin St, Orange, CA",$4.46,
Orange Gas & Service,"2101 N Orange Olive Rd, Orange, CA",N/A,
Chevron,"1702 N Tustin St, Orange, CA",N/A,
ARCO,"100 N Tustin St, Orange, CA",$3.89,
76,"615 S Tustin St, Orange, CA",$3.95,
ARCO,"291 S Tustin St, Orange, CA",$3.89,
Shell,"889 S Tustin St, Orange, CA",$4.29,
Shell,"1914 E Chapman Ave, Orange, CA",$4.39,
ARCO,"480 N Glassell St, Orange, CA",N/A,
76,"684 S Glassell St, Orange, CA",N/A,
Berri Brothers,"1234 N Main St, Orange, CA",$3.79,
ARCO,"1935 E Katella Ave, Orange, CA",$3.89,
Chevron,"105 E Katella Ave, Orange, CA",$4.51,
Mobil,"2700 N Santiago Blvd, Orange, CA",$4.49,
Chevron,"1940 E Katella Ave, Orange, CA",$4.59,
Shell,"2640 N Santiago Blvd, Orange, CA",$4.57,
Chevron,"2844 N Santiago Blvd, Orange, CA",$4.59,
Shell,"883 N Tustin St, Orange, CA",N/A,
Mobil,"830 E Katella Ave, Orange, CA",$4.49,
Speedway Express,"825 E Katella Ave, Orange, CA",N/A,
Valero,"2245 W Chapman Ave, Orange, CA",$3.81,
7-Eleven,"2620 W Chapman Ave, Orange, CA",$3.91,
7-Eleven,"290 S Main St, Orange, CA",$4.05,
ARCO,"700 W Chapman Ave, Orange, CA",$3.99,
Ralphs,"2345 W Chapman Ave, Orange, CA",$3.84,
Chevron,"1405 W Chapman Ave, Orange, CA",$4.49,
Chevron,"1650 W La Veta Ave, Orange, CA",$4.49,
Chevron,"4105 W Chapman Ave, Orange, CA",$4.59,
Big E Food Mart,"890 N Batavia St, Orange, CA",N/A,
7-Eleven,"2937 E Chapman Ave, Orange, CA",$3.99,
Valero,"3301 E Chapman Ave, Orange, CA",$4.39,
Mobil,"2504 E Chapman Ave, Orange, CA",$4.47,
Chevron,"4035 E Chapman Ave, Orange, CA",$4.69,
Chevron,"8544 E Chapman Ave, Orange, CA",$4.79,
Mobil,"4502 E Chapman Ave, Orange, CA",N/A,
76,"5344 E Chapman Ave, Orange, CA",N/A,
Metro Fuel,"120 S Placentia Ave, Placentia, CA",$3.69,
ARCO,"1201 E Imperial Hwy, Placentia, CA",$3.75,
ARCO,"102 E Yorba Linda Blvd, Placentia, CA",$3.79,
ARCO,"1202 E Yorba Linda Blvd, Placentia, CA",$3.79,
7-Eleven,"818 W Orangethorpe Ave, Placentia, CA",$3.93,
Nickey Petroleum Company Inc.,"975 S Lakeview Ave, Placentia, CA",$3.99,
76,"600 N Rose Dr, Placentia, CA",$4.53,
76,"1801 E Orangethorpe Ave, Placentia, CA",$4.53,
Chevron,"313 W Orangethorpe Ave, Placentia, CA",$4.69,
76,"801 S Kraemer Blvd, Placentia, CA",$4.53,
76,"480 S Placentia Ave, Placentia, CA",N/A,
Speedway,"735 Ohio Pike, Withamsville, OH",$2.99,
United Dairy Farmers,"711 Ohio Pike, Withamsville, OH",$2.75,
Shell,"653 Ohio Pike, Withamsville, OH",$2.79,
BP,"543 Ohio Pike, Withamsville, OH",$2.99,
Circle K,"902 Ohio Pike, Withamsville, OH",$2.99,
Speedway,"570 Ohio Pike, Withamsville, OH",$2.55,
Sunoco,"533 Ohio Pike, Withamsville, OH",$2.49,
Withamsville Food Mart,"979 Ohio Pike, Withamsville, OH",$2.75,
Marathon,"983 Ohio Pike, Withamsville, OH",$2.75,
Kroger,"450 Ohio Pike, Cincinnati, OH",$2.61,
Circle K,"1114 W Ohio Pike, Amelia, OH",$2.89,
Marathon,"4248 Mount Carmel Tobasco Rd, Mount Carmel, OH",$2.59,
Shell,"4261 Mount Carmel Tobasco Rd, Mount Carmel, OH",$2.69,
Speedway,"8352 Beechmont Ave, Cincinnati, OH",$2.99,
Amelia Fuel,"1145 W Ohio Pike, Amelia, OH",$2.59,
Sunoco,"1271 Ohio Pike, Amelia, OH",$2.79,
Sam's Club,"815 Clepper Ln, Cincinnati, OH",$2.54,
United Dairy Farmers,"2010 Eight Mile Rd, Cincinnati, OH",$2.59,
Marathon,"8345 Clough Pk, Cincinnati, OH",$2.59,
Meijer,"888 Eastgate N Dr, Cincinnati, OH",$2.68,
Chevron,"18121 Imperial Hwy, Yorba Linda, CA",$4.69,
Mobil,"17591 Yorba Linda Blvd, Yorba Linda, CA",$4.79,
Chevron,"17499 Yorba Linda Blvd, Yorba Linda, CA",$4.69,
Chevron,"19751 Yorba Linda Blvd, Yorba Linda, CA",$4.79,
76,"1801 E Orangethorpe Ave, Placentia, CA",$4.53,
ARCO,"1202 E Yorba Linda Blvd, Placentia, CA",$3.79,
Nickey Petroleum Company Inc.,"975 S Lakeview Ave, Placentia, CA",$3.99,
76,"600 N Rose Dr, Placentia, CA",$4.53,
ARCO,"1201 E Imperial Hwy, Placentia, CA",$3.75,
76,"19851 Esperanza Rd, Yorba Linda, CA",$4.49,
Shell,"5650 E La Palma Ave, Anaheim, CA",$4.49,
Mobil,"400 N Lakeview Ave, Anaheim, CA",$4.59,
Gulf,"3300 E Imperial Hwy, Brea, CA",$3.65,
76,"3731 E La Palma Ave, Anaheim, CA",$4.63,
ARCO,"102 E Yorba Linda Blvd, Placentia, CA",$3.79,
Chevron,"3901 E Riverdale Ave, Anaheim, CA",$4.59,
Sinclair,"3125 E Orangethorpe Ave, Anaheim, CA",$4.49,
Mobil,"21440 Yorba Linda Blvd, Yorba Linda, CA",$4.55,
76,"801 S Kraemer Blvd, Placentia, CA",$4.53,
Shell,"400 S Anaheim Hills Rd, Anaheim, CA",$4.59,
76,"19851 Esperanza Rd, Yorba Linda, CA",$4.49,
Chevron,"18121 Imperial Hwy, Yorba Linda, CA",$4.69,
Chevron,"17499 Yorba Linda Blvd, Yorba Linda, CA",$4.69,
Chevron,"19751 Yorba Linda Blvd, Yorba Linda, CA",$4.79,
Mobil,"17591 Yorba Linda Blvd, Yorba Linda, CA",$4.79,
Costco,"22633 Savi Ranch Pkwy, Yorba Linda, CA",$4.39,
Mobil,"21440 Yorba Linda Blvd, Yorba Linda, CA",$4.55,
ARCO,"23611 La Palma Ave, Yorba Linda, CA",$4.59,
Mobil,"2500 E Lincoln Ave, Anaheim, CA",$4.59,
ARCO,"2791 E Lincoln Ave, Anaheim, CA",$3.89,
OSK Gas,"2800 E Lincoln Ave, Anaheim, CA",N/A,
G&M,"2530 E La Palma Ave, Anaheim, CA",$3.99,
76,"105 W Lincoln Ave, Orange, CA",$4.39,
Shell,"201 S State College Blvd, Anaheim, CA",$4.69,
Anthem Oil,"105 E Lincoln Ave, Orange, CA",$3.85,
Chevron,"1000 N State College Blvd, Anaheim, CA",$4.69,
Sinclair Subway,"3080 E La Palma Ave, Anaheim, CA",$4.49,
Chevron,"3085 E La Palma Ave, Anaheim, CA",$4.49,
ARCO,"3101 E La Palma Ave, Anaheim, CA",$3.85,
Mobil,"1200 N State College Blvd, Anaheim, CA",$4.69,
ARCO,"2445 E Ball Rd, Anaheim, CA",$3.89,
Orange Gas & Service,"2101 N Orange Olive Rd, Orange, CA",N/A,
Chevron,"1198 S State College Blvd, Anaheim, CA",$4.39,
76,"1201 S State College Blvd, Anaheim, CA",N/A,
Chevron,"727 S East St, Anaheim, CA",$4.69,
7-Eleven,"818 W Orangethorpe Ave, Placentia, CA",$3.93,
Shell,"1200 S State College Blvd, Anaheim, CA",$4.35,
Excaliber Fuels,"1199 S State College Blvd, Anaheim, CA",$3.79,
